[
  {"exe": "FarCryNewDawn.exe", "class": "NomadSplash", "title": "", "type": "ignore"},
  {"exe": "Cuphead.exe", "class": "Windows.UI.Core.CoreWindow", "title": "", "type": "ignore"},
  {"exe": "Beat Saber.exe", "class": "ConsoleWindowClass", "title": "", "type": "ignore"},
  {"exe": "MapleStory2.exe", "class": "LoadingDialog", "title": "", "type": "ignore"},
  {"exe": "BatmanAK.exe", "class": "SplashScreenClass", "title": "", "type": "ignore"},
  {"exe": "spyparty.exe", "class": "SpyPartySplash", "title": "SpyParty", "type": "ignore"},
  {"exe": "Diablo III.exe", "class": "D3 Splash Window Class", "title": "", "type": "ignore"},
  {"exe": "Diablo III64.exe", "class": "D3 Splash Window Class", "title": "", "type": "ignore"},
  {"exe": "Layers Of Fear.exe", "class": "Qt5QWindowIcon", "title": "", "type": "ignore"},
  {"exe": "Prepar3D.exe", "class": "FlightSimSplash", "title": "", "type": "ignore"},
  {"exe": "", "class": "CoD Splash Screen", "title": "", "type": "ignore"},
  {"exe": "", "class": "ScimitarSplashScreenWindow", "title": "", "type": "ignore"},
  {"exe": "", "class": "D3DProxyWindow", "title": "", "type": "ignore"},
  {"exe": "", "class": "#2232770", "title": "", "type": "ignore"},
  {"exe": "", "class": "UnrealWindow", "title": "", "type": "capture"},
  {"exe": "", "class": "UnrealUWindows", "title": "", "type": "capture"},
  {"exe": "", "class": "UnrealWWindows", "title": "", "type": "capture"},
  {"exe": "", "class": "UnityWndClass", "title": "", "type": "capture"},
  {"exe": "", "class": "CryENGINE", "title": "", "type": "capture"},
  {"exe": "", "class": "YYGameMakerYY", "title": "", "type": "capture"},
  {"exe": "", "class": "GameBryo Application", "title": "", "type": "capture"},
  {"exe": "EpicGamesLauncher.exe", "class": "UnrealWindow", "title": "", "type": "ignore"},
  {"exe": "dixper-engine.exe", "class": "", "title": "", "type": "ignore"},
  {"exe": "", "class": "ConsoleWindowClass", "title": "", "type": "ignore"},
  {"exe": "dosbox.exe", "class": "", "title": "", "type": "capture"},
  {"exe": "DOSBox.exe", "class": "", "title": "", "type": "capture"},
  {"exe": "bgb.exe", "class": "TApplication", "title": "", "type": "capture"},
  {"exe": "bgb.exe", "class": "Tfgb", "title": "", "type": "capture"},
  {"exe": "pcsx2.exe", "class": "", "title": "", "type": "capture"},
  {"exe": "pcsx2-r3878.exe", "class": "", "title": "", "type": "capture"},
  {"exe": "pcsx2-r5875.exe", "class": "", "title": "", "type": "capture"},
  {"exe": "pcsx2-r4600.exe", "class": "", "title": "", "type": "capture"},
  {"exe": "pcsx2-r5350.exe", "class": "", "title": "", "type": "capture"},
  {"exe": "pcsx2-online-plus.exe", "class": "", "title": "", "type": "capture"},
  {"exe": "PPSSPPWindows64.exe", "class": "", "title": "", "type": "capture"},
  {"exe": "PPSSPPWindows.exe", "class": "", "title": "", "type": "capture"},
  {"exe": "ggpofba-ng.exe", "class": "FB Alpha", "title": "", "type": "capture"},
  {"exe": "", "class": "DeSmuME", "title": "", "type": "capture"},
  {"exe": "SSF.exe", "class": "SSF", "title": "", "type": "capture"},
  {"exe": "yabasanshiro.exe", "class": "", "title": "Yaba Sanshiro", "type": "capture"},
  {"exe": "higan.exe", "class": "hiroWindow", "title": "", "type": "capture"},
  {"exe": "Jnes.exe", "class": "Jnes Window", "title": "", "type": "capture"},
  {"exe": "ePSXe.exe", "class": "", "title": "", "type": "capture"},
  {"exe": "ePSXe1.exe", "class": "", "title": "", "type": "capture"},
  {"exe": "mame64.exe", "class": "", "title": "", "type": "capture"},
  {"exe": "mameui64.exe", "class": "", "title": "", "type": "capture"},
  {"exe": "MAMEUI64.exe", "class": "", "title": "", "type": "capture"},
  {"exe": "fceux.exe", "class": "", "title": "", "type": "capture"},
  {"exe": "Fusion.exe", "class": "KegaClass", "title": "", "type": "capture"},
  {"exe": "VirtuaNES.exe", "class": "", "title": "", "type": "capture"},
  {"exe": "Mesen.exe", "class": "", "title": "Mesen", "type": "capture"},
  {"exe": "rpcs3.exe", "class": "Qt5QWindowIcon", "title": "", "type": "capture"},
  {"exe": "Shmupmame64_v42.exe", "class": "MAME", "title": "", "type": "capture"},
  {"exe": "VBA-rr-svn480+LRC4.exe", "class": "", "title": "", "type": "capture"},
  {"exe": "demul.exe", "class": "window", "title": "", "type": "capture"},
  {"exe": "zsnesw.exe", "class": "", "title": "", "type": "capture"},
  {"exe": "Project64.exe", "class": "", "title": "", "type": "capture"},
  {"exe": "Project64k.exe", "class": "", "title": "", "type": "capture"},
  {"exe": "visualboyadvance-m.exe", "class": "", "title": "", "type": "capture"},
  {"exe": "VisualBoyAdvance-M.exe", "class": "", "title": "VisualBoyAdvance-M", "type": "capture"},
  {"exe": "VisualBoyAdvance-M-WX.exe", "class": "", "title": "", "type": "capture"},
  {"exe": "VisualBoyAdvance-1.8.0-511.exe", "class": "", "title": "VisualBoyAdvance", "type": "capture"},
  {"exe": "VisualBoyAdvance.exe", "class": "", "title": "", "type": "capture"},
  {"exe": "RAVisualBoyAdvance-M.exe", "class": "", "title": "", "type": "capture"},
  {"exe": "nestopia.exe", "class": "Nestopia", "title": "", "type": "capture"},
  {"exe": "scummvm.exe", "class": "", "title": "", "type": "capture"},
  {"exe": "snes9x.exe", "class": "", "title": "", "type": "capture"},
  {"exe": "RASnes9X.exe", "class": "", "title": "", "type": "capture"},
  {"exe": "bsnes.exe", "class": "", "title": "", "type": "capture"},
  {"exe": "Cemu.exe", "class": "", "title": "", "type": "capture"},
  {"exe": "citra-qt.exe", "class": "", "title": "", "type": "capture"},
  {"exe": "fba64.exe", "class": "", "title": "", "type": "capture"},
  {"exe": "psxfin.exe", "class": "", "title": "", "type": "capture"},
  {"exe": "melonDS.exe", "class": "", "title": "", "type": "capture"},
  {"exe": "Launcher.exe", "class": "pSX", "title": "", "type": "capture"},
  {"exe": "VBA-M.exe", "class": "", "title": "", "type": "capture"},
  {"exe": "vbam.exe", "class": "", "title": "", "type": "capture"},
  {"exe": "mGBA.exe", "class": "Qt5QWindowIcon", "title": "mGBA", "type": "capture"},
  {"exe": "Playstation.exe", "class": "", "title": "", "type": "capture"},
  {"exe": "EmuHawk.exe", "class": "", "title": "", "type": "capture"},
  {"exe": "snes9x-x64.exe", "class": "", "title": "", "type": "capture"},
  {"exe": "Dolphin.exe", "class": "", "title": "", "type": "capture"},
  {"exe": "retroarch.exe", "class": "RetroArch", "title": "", "type": "capture"},
  {"exe": "emulator.exe", "class": "MYWIN", "title": "", "type": "capture"},
  {"exe": "no$gba.exe", "class": "", "title": "", "type": "capture"},
  {"exe": "NO$GBA.EXE", "class": "", "title": "", "type": "capture"},
  {"exe": "ibmulator.exe", "class": "", "title": "", "type": "capture"},
  {"exe": "m64py.exe", "class": "", "title": "", "type": "capture"},
  {"exe": "", "class": "MAME", "title": "MAME", "type": "capture"},
  {"exe": "dnplayer.exe", "class": "", "title": "", "type": "capture"},
  {"exe": "Nox.exe", "class": "", "title": "", "type": "capture"},
  {"exe": "MEmu.exe", "class": "", "title": "", "type": "capture"},
  {"exe": "NemuPlayer.exe", "class": "", "title": "", "type": "capture"},
  {"exe": "HD-Player.exe", "class": "", "title": "", "type": "capture"},
  {"exe": "Bluestacks.exe", "class": "", "title": "", "type": "capture"},
  {"exe": "BluestacksGP.exe", "class": "", "title": "", "type": "capture"},
  {"exe": "AndroidEmulator.exe", "class": "", "title": "", "type": "capture"},
  {"exe": "AndroidEmulatorEx.exe", "class": "", "title": "", "type": "capture"},
  {"exe": "AndroidEmulatorEn.exe", "class": "", "title": "", "type": "capture"},
  {"exe": "ProjectTitan.exe", "class": "", "title": "SmartGaGa", "type": "capture"},
  {"exe": "scrcpy.exe", "class": "", "title": "", "type": "capture"},
  {"exe": "scrcpy-noconsole.exe", "class": "", "title": "", "type": "capture"},
  {"exe": "Nikon Stream Camera.exe", "class": "", "title": "Nikon Stream", "type": "capture"},
  {"exe": "CameraControl.exe", "class": "CameraControl", "title": "", "type": "capture"},
  {"exe": "AirServer.exe", "class": "", "title": "", "type": "capture"},
  {"exe": "ScreenRecorder.exe", "class": "", "title": "", "type": "capture"},
  {"exe": "MirrorGo.exe", "class": "", "title": "", "type": "capture"},
  {"exe": "ApowerMirror.exe", "class": "", "title": "", "type": "capture"},
  {"exe": "Apowersoft iPhone Recorder.exe", "class": "", "title": "", "type": "capture"},
  {"exe": "Apowersoft Android Recorder.exe", "class": "", "title": "", "type": "capture"},
  {"exe": "EasyCast.exe", "class": "", "title": "EasyCast", "type": "capture"},
  {"exe": "AirDroid.exe", "class": "", "title": "", "type": "capture"},
  {"exe": "AirPlayer.exe", "class": "", "title": "", "type": "capture"},
  {"exe": "airplayer_1.1.0.exe", "class": "", "title": "", "type": "capture"},
  {"exe": "Airplay.exe", "class": "", "title": "", "type": "capture"},
  {"exe": "AirplayReceiver.exe", "class": "", "title": "", "type": "capture"},
  {"exe": "WdpClientApp.exe", "class": "", "title": "", "type": "capture"},
  {"exe": "LonelyScreen.exe", "class": "", "title": "", "type": "capture"},
  {"exe": "ds_capture.exe", "class": "", "title": "", "type": "capture"},
  {"exe": "Mirroring360.exe", "class": "", "title": "", "type": "capture"},
  {"exe": "RemotePlay.exe", "class": "", "title": "", "type": "capture"},
  {"exe": "SamsungFlow.exe", "class": "", "title": "", "type": "capture"},
  {"exe": "SamsungDeX.exe", "class": "", "title": "", "type": "capture"},
  {"exe": "SideSync.exe", "class": "", "title": "", "type": "capture"},
  {"exe": "Sync.exe", "class": "", "title": "PPShow", "type": "capture"},
  {"exe": "EpocCamTest.exe", "class": "VidCapPreviewer", "title": "", "type": "capture"},
  {"exe": "x-mirage.exe", "class": "", "title": "", "type": "capture"},
  {"exe": "Reflector3.exe", "class": "", "title": "", "type": "capture"},
  {"exe": "DroidCamApp.exe", "class": "", "title": "", "type": "capture"},
  {"exe": "HiSuite.exe", "class": "", "title": "", "type": "capture"},
  {"exe": "Vysor.exe", "class": "", "title": "", "type": "capture"},
  {"exe": "GameCapture.exe", "class": "", "title": "", "type": "capture"},
  {"exe": "4KCaptureUtility.exe", "class": "", "title": "", "type": "capture"},
  {"exe": "SoundCapture.exe", "class": "", "title": "", "type": "capture"},
  {"exe": "EOS Utility 3.exe", "class": "", "title": "", "type": "capture"},
  {"exe": "EOS Utility 2.exe", "class": "", "title": "", "type": "capture"},
  {"exe": "EOS Utility.exe", "class": "", "title": "", "type": "capture"},
  {"exe": "LetsView.exe", "class": "", "title": "", "type": "capture"},
  {"exe": "capture.exe", "class": "", "title": "", "type": "capture"},
  {"exe": "GeForceNOWStreamer.exe", "class": "", "title": "", "type": "capture"},
  {"exe": "VRChat.exe", "class": "", "title": "", "type": "capture"},
  {"exe": "vrmonitor.exe", "class": "Qt5QWindowIcon", "title": "", "type": "capture"},
  {"exe": "OculusClient.exe", "class": "", "title": "", "type": "capture"},
  {"exe": "LaunchPad.exe", "class": "", "title": "Roxio Game Capture", "type": "capture"},
  {"exe": "MediaCaptureGame1X.exe", "class": "", "title": "Roxio Game Capture", "type": "capture"},
  {"exe": "FaceRig.exe", "class": "", "title": "FaceRig", "type": "capture"},
  {"exe": "VirtualMotionCapture.exe", "class": "", "title": "VirtualMotionCapture", "type": "capture"},
  {"exe": "Snickerstream_x64.exe", "class": "", "title": "Snickerstream", "type": "capture"},
  {"exe": "n3DS_view.exe", "class": "", "title": "", "type": "capture"},
  {"exe": "n3DS_view(x64).exe", "class": "", "title": "", "type": "capture"},
  {"exe": "3ds_capture.exe", "class": "", "title": "", "type": "capture"},
  {"exe": "Talos_VR.exe", "class": "", "title": "", "type": "capture"},
  {"exe": "Mirroid.exe", "class": "", "title": "", "type": "capture"},
  {"exe": "ContentTestApp.exe", "class": "", "title": "", "type": "capture"},
  {"exe": "CLIPStudioPaint.exe", "class": "", "title": "", "type": "capture"},
  {"exe": "Aseprite.exe", "class": "Aseprite.Window", "title": "", "type": "capture"},
  {"exe": "NestDrop_SpoutSender.exe", "class": "", "title": "", "type": "capture"},
  {"exe": "Overwolf.exe", "class": "Overwolf", "title": "", "type": "capture"},
  {"exe": "MediBangPaintPro.exe", "class": "", "title": "", "type": "capture"},
  {"exe": "sai2.exe", "class": "", "title": "", "type": "capture"},
  {"exe": "sai.exe", "class": "sfl_window_class", "title": "", "type": "capture"},
  {"exe": "virtualdj8.exe", "class": "", "title": "", "type": "capture"},
  {"exe": "virtualdj.exe", "class": "", "title": "", "type": "capture"},
  {"exe": "Photoshop.exe", "class": "", "title": "", "type": "capture"},
  {"exe": "photoshop.exe", "class": "", "title": "", "type": "capture"},
  {"exe": "", "class": "illustrator", "title": "", "type": "capture"},
  {"exe": "Lightroom.exe", "class": "", "title": "", "type": "capture"},
  {"exe": "gimp-2.10.exe", "class": "", "title": "", "type": "capture"},
  {"exe": "CINEMA 4D.exe", "class": "", "title": "", "type": "capture"},
  {"exe": "Painter 2019 x64.exe", "class": "", "title": "", "type": "capture"},
  {"exe": "Substance Painter.exe", "class": "", "title": "Substance Painter", "type": "capture"},
  {"exe": "Substance Player.exe", "class": "", "title": "Substance Player", "type": "capture"},
  {"exe": "Adobe Premiere Pro.exe", "class": "", "title": "", "type": "capture"},
  {"exe": "Animate.exe", "class": "", "title": "", "type": "capture"},
  {"exe": "blender.exe", "class": "GHOST_WindowClass", "title": "Blender", "type": "capture"},
  {"exe": "Resolve.exe", "class": "Qt5QWindowIcon", "title": "", "type": "capture"},
  {"exe": "Adobe Audition CC.exe", "class": "", "title": "", "type": "capture"},
  {"exe": "Adobe Audition.exe", "class": "", "title": "", "type": "capture"},
  {"exe": "Audition.exe", "class": "", "title": "", "type": "capture"},
  {"exe": "Wondershare Filmora9.exe", "class": "", "title": "", "type": "capture"},
  {"exe": "PhotoScapeXPro.exe", "class": "", "title": "", "type": "capture"},
  {"exe": "VideoEditorPlus.exe", "class": "", "title": "", "type": "capture"},
  {"exe": "Designer.exe", "class": "", "title": "Affinity Designer", "type": "capture"},
  {"exe": "Videodeluxe.exe", "class": "", "title": "", "type": "capture"},
  {"exe": "ZBrush.exe", "class": "", "title": "", "type": "capture"},
  {"exe": "vegas140.exe", "class": "", "title": "", "type": "capture"},
  {"exe": "vegas110.exe", "class": "", "title": "", "type": "capture"},
  {"exe": "vegas160.exe", "class": "", "title": "", "type": "capture"},
  {"exe": "vegas150.exe", "class": "", "title": "", "type": "capture"},
  {"exe": "vegas170.exe", "class": "", "title": "", "type": "capture"},
  {"exe": "audacity.exe", "class": "", "title": "", "type": "capture"},
  {"exe": "djayPro.exe", "class": "", "title": "", "type": "capture"},
  {"exe": "FilmoraPro.exe", "class": "", "title": "", "type": "capture"},
  {"exe": "Serato DJ Pro.exe", "class": "", "title": "", "type": "capture"},
  {"exe": "ZModeler3.exe", "class": "", "title": "", "type": "capture"},
  {"exe": "SketchBook.exe", "class": "", "title": "Autodesk SketchBook", "type": "capture"},
  {"exe": "SketchBookOrion.exe", "class": "", "title": "", "type": "capture"},
  {"exe": "CLIPStudio.exe", "class": "", "title": "", "type": "capture"},
  {"exe": "rekordbox.exe", "class": "", "title": "", "type": "capture"},
  {"exe": "AfterFX.exe", "class": "", "title": "", "type": "capture"},
  {"exe": "", "class": "Ableton Live Window Class", "title": "", "type": "capture"},
  {"exe": "Ableton Live 10 Suite.exe", "class": "", "title": "", "type": "capture"},
  {"exe": "FL64.exe", "class": "", "title": "", "type": "capture"},
  {"exe": "PaintDotNet.exe", "class": "", "title": "", "type": "capture"},
  {"exe": "Character Animator.exe", "class": "", "title": "", "type": "capture"},
  {"exe": "SketchUp.exe", "class": "", "title": "", "type": "capture"},
  {"exe": "3dsmax.exe", "class": "", "title": "", "type": "capture"},
  {"exe": "Illustrator.exe", "class": "", "title": "", "type": "capture"},
  {"exe": "Cubase9.5.exe", "class": "", "title": "", "type": "capture"},
  {"exe": "Cubase10.exe", "class": "", "title": "", "type": "capture"},
  {"exe": "java.exe", "class": "", "title": "Minecraft", "type": "capture"},
  {"exe": "javaw.exe", "class": "", "title": "Minecraft", "type": "capture"},
  {"exe": "javaw.exe", "class": "", "title": "Hexxit", "type": "capture"},
  {"exe": "javaw.exe", "class": "", "title": "PokeMMO", "type": "capture"},
  {"exe": "javaw.exe", "class": "", "title": "CraftRise.tc", "type": "capture"},
  {"exe": "javaw.exe", "class": "", "title": "PixelClient", "type": "capture"},
  {"exe": "javaw.exe", "class": "", "title": "RLCraft", "type": "capture"},
  {"exe": "javaw.exe", "class": "", "title": "Tekxit", "type": "capture"},
  {"exe": "javaw.exe", "class": "", "title": "PO3", "type": "capture"},
  {"exe": "javaw.exe", "class": "", "title": "Vivecraft", "type": "capture"},
  {"exe": "javaw.exe", "class": "", "title": "Paladium", "type": "capture"},
  {"exe": "javaw.exe", "class": "", "title": "Cosmic Client", "type": "capture"},
  {"exe": "javaw.exe", "class": "", "title": "Age of Civilizations", "type": "capture"},
  {"exe": "javaw.exe", "class": "", "title": "All the Mods", "type": "capture"},
  {"exe": "javaw.exe", "class": "", "title": "Enigmatica", "type": "capture"},
  {"exe": "javaw.exe", "class": "", "title": "FTB Interactions", "type": "capture"},
  {"exe": "javaw.exe", "class": "", "title": "Roguelike Adventures and Dungeons", "type": "capture"},
  {"exe": "javaw.exe", "class": "", "title": "Tekkit Legends", "type": "capture"},
  {"exe": "javaw.exe", "class": "", "title": "J3Ultimate", "type": "capture"},
  {"exe": "javaw.exe", "class": "", "title": "The Classic Pack", "type": "capture"},
  {"exe": "java.exe", "class": "", "title": "Spiral Knights", "type": "capture"},
  {"exe": "java.exe", "class": "", "title": "WAKFU", "type": "capture"},
  {"exe": "java.exe", "class": "", "title": "Frozenia", "type": "capture"},
  {"exe": "javaw.exe", "class": "", "title": "Lunar Client", "type": "capture"},
  {"exe": "javaw.exe", "class": "", "title": "LiquidBounce", "type": "capture"},
  {"exe": "javaw.exe", "class": "", "title": "Pentacraft MagicRPG", "type": "capture"},
  {"exe": "javaw.exe", "class": "", "title": "Hyperium", "type": "capture"},
  {"exe": "javaw.exe", "class": "", "title": "CraftRise", "type": "capture"},
  {"exe": "javaw.exe", "class": "", "title": "DinoStorm Version", "type": "capture"},
  {"exe": "javaw.exe", "class": "", "title": "Amnesia", "type": "capture"},
  {"exe": "java.exe", "class": "", "title": "Slay the Spire", "type": "capture"},
  {"exe": "javaw.exe", "class": "", "title": "Slay the Spire", "type": "capture"},
  {"exe": "Pactify.exe", "class": "", "title": "Pactify", "type": "capture"},
  {"exe": "CheatBreaker.exe", "class": "", "title": "Minecraft", "type": "capture"},
  {"exe": "Pathway.exe", "class": "", "title": "Pathway", "type": "capture"},
  {"exe": "VimeWorld.exe", "class": "", "title": "VimeWorld", "type": "capture"},
  {"exe": "AlphaAntiLeak.exe", "class": "", "title": "", "type": "capture"},
  {"exe": "homecoming.exe", "class": "CrypticWindow", "title": "", "type": "capture"},
  {"exe": "FiveM_GTAProcess.exe", "class": "", "title": "FiveM", "type": "capture"},
  {"exe": "", "class": "grcWindow", "title": "FiveM", "type": "capture"},
  {"exe": "FiveM.exe", "class": "", "title": "", "type": "capture"},
  {"exe": "GTA5.exe", "class": "", "title": "", "type": "capture"},
  {"exe": "Cyberpunk2077.exe", "class": "", "title": "", "type": "capture"},
  {"exe": "osclient.exe", "class": "", "title": "Old School RuneScape", "type": "capture"},
  {"exe": "client.exe", "class": "", "title": "Tibia", "type": "capture"},
  {"exe": "client.exe", "class": "", "title": "BloodStone - The Ancient Curse", "type": "capture"},
  {"exe": "client.exe", "class": "", "title": "Cyber Hunter", "type": "capture"},
  {"exe": "client.exe", "class": "", "title": "Super Mecha Champions", "type": "capture"},
  {"exe": "osu!.exe", "class": "", "title": "", "type": "capture"},
  {"exe": "TS4_x64.exe", "class": "Canvas-", "title": "", "type": "capture"},
  {"exe": "TS4.exe", "class": "Canvas", "title": "Sims", "type": "capture"},
  {"exe": "TS3W.exe", "class": "Canvas", "title": "Sims", "type": "capture"},
  {"exe": "TS3.exe", "class": "Canvas", "title": "Sims", "type": "capture"},
  {"exe": "Terraria.exe", "class": "", "title": "", "type": "capture"},
  {"exe": "ThimbleweedPark.exe", "class": "", "title": "Thimbleweed Park", "type": "capture"},
  {"exe": "X4.exe", "class": "X4", "title": "X4", "type": "capture"},
  {"exe": "H5_Game.exe", "class": "", "title": "Heroes of Might and Magic", "type": "capture"},
  {"exe": "LFS.exe", "class": "LFS", "title": "Live for Speed", "type": "capture"},
  {"exe": "SSF2.exe", "class": "ApolloRuntimeContentWindow", "title": "", "type": "capture"},
  {"exe": "NinoKuni_WotWW_Remastered.exe", "class": "PLANET", "title": "", "type": "capture"},
  {"exe": "Game.exe", "class": "RGSS Player", "title": "", "type": "capture"},
  {"exe": "Game.exe", "class": "LS3D", "title": "Mafia", "type": "capture"},
  {"exe": "Game.exe", "class": "TTalesWindow", "title": "LEGO", "type": "capture"},
  {"exe": "", "class": "Diablo II", "title": "Diablo II", "type": "capture"},
  {"exe": "Game.exe", "class": "Goliath", "title": "The Amazing Spider", "type": "capture"},
  {"exe": "game.exe", "class": "prism3d", "title": "Truck Simulator", "type": "capture"},
  {"exe": "game.exe", "class": "DOA5LR", "title": "", "type": "capture"},
  {"exe": "game.exe", "class": "BIO4RE4PC", "title": "", "type": "capture"},
  {"exe": "game.exe", "class": "GW", "title": "Neighbours From Hell", "type": "capture"},
  {"exe": "game.exe", "class": "Red Alert 2", "title": "Red Alert 2", "type": "capture"},
  {"exe": "game.exe", "class": "MT FRAMEWORK", "title": "MEGAMAN", "type": "capture"},
  {"exe": "game.exe", "class": "DSOHD-Window", "title": "", "type": "capture"},
  {"exe": "game.bin", "class": "Aura", "title": "Aura", "type": "capture"},
  {"exe": "ds.exe", "class": "PIGS_MainWnd", "title": "", "type": "capture"},
  {"exe": "NewFrontier.exe", "class": "r3dWin", "title": "", "type": "capture"},
  {"exe": "FEZ.exe", "class": "SDL_app", "title": "FEZ", "type": "capture"},
  {"exe": "Baldur.exe", "class": "", "title": "Baldur", "type": "capture"},
  {"exe": "salt.exe", "class": "", "title": "Salt and Sanctuary", "type": "capture"},
  {"exe": "BloodandBacon.exe", "class": "", "title": "Blood and Bacon", "type": "capture"},
  {"exe": "RuneLite.exe", "class": "", "title": "", "type": "capture"},
  {"exe": "Stardew Valley.exe", "class": "", "title": "", "type": "capture"},
  {"exe": "WA.exe", "class": "", "title": "Worms Armageddon", "type": "capture"},
  {"exe": "Dott.exe", "class": "SDL_app", "title": "Day of the Tentacle", "type": "capture"},
  {"exe": "WarEternal.exe", "class": "", "title": "WarEternal", "type": "capture"},
  {"exe": "S4Client.exe", "class": "S4", "title": "Client", "type": "capture"},
  {"exe": "ed6_win2_DX9.exe", "class": "Falcom", "title": "The Legend of Heroes", "type": "capture"},
  {"exe": "HitmanBloodMoney.exe", "class": "ZSystemClass000", "title": "", "type": "capture"},
  {"exe": "TQ.exe", "class": "Titan Quest", "title": "Titan Quest", "type": "capture"},
  {"exe": "Vanguard.exe", "class": "", "title": "Vanguard", "type": "capture"},
  {"exe": "ed8.exe", "class": "PhyreFrameworkClass", "title": "", "type": "capture"},
  {"exe": "autorun.exe", "class": "", "title": "Zula Game", "type": "capture"},
  {"exe": "metin2client.exe", "class": "", "title": "", "type": "capture"},
  {"exe": "gambatte_qt.exe", "class": "Qt5QWindowIcon", "title": "", "type": "capture"},
  {"exe": "gambatte_qt_win32-r571.exe", "class": "", "title": "", "type": "capture"},
  {"exe": "ClientG.exe", "class": "PGCLIENTWINCLASS", "title": "", "type": "capture"},
  {"exe": "DFO.exe", "class": "Dungeon Fighter Online", "title": "", "type": "capture"},
  {"exe": "rpcs3.exe", "class": "", "title": "", "type": "capture"},
  {"exe": "MSS31.dll", "class": "", "title": "", "type": "capture"},
  {"exe": "EDOPro.exe", "class": "", "title": "", "type": "capture"},
  {"exe": "", "class": "GameFrame", "title": "Need for Speed", "type": "capture"},
  {"exe": "Engine.exe", "class": "Combat_Arms", "title": "Combat", "type": "capture"},
  {"exe": "Engine.exe", "class": "Gotham City Impostors", "title": "Gotham City Impostors", "type": "capture"},
  {"exe": "BlackDesert64.exe", "class": "BlackDesertWindowClass", "title": "", "type": "capture"},
  {"exe": "WorldOfTanks.exe", "class": "App", "title": "", "type": "capture"},
  {"exe": "aces.exe", "class": "DagorWClass", "title": "", "type": "capture"},
  {"exe": "CW.EXE", "class": "Direct3DWindowClass", "title": "CLOSERS", "type": "capture"},
  {"exe": "rabiribi.exe", "class": "Rabi-Ribi", "title": "", "type": "capture"},
  {"exe": "ros.exe", "class": "", "title": "Rules of Survival", "type": "capture"},
  {"exe": "popcapgame1.exe", "class": "MainWindow", "title": "", "type": "capture"},
  {"exe": "gta_sa.exe", "class": "Grand theft auto San Andreas", "title": "", "type": "capture"},
  {"exe": "portal2.exe", "class": "Valve001", "title": "", "type": "capture"},
  {"exe": "Sunset.exe", "class": "InsomWindowClass", "title": "Sunset", "type": "capture"},
  {"exe": "Sunset.exe", "class": "", "title": "Sunset Overdrive", "type": "capture"},
  {"exe": "BlackOpsColdWar.exe", "class": "", "title": "", "type": "capture"},
  {"exe": "FF7.exe", "class": "", "title": "Final Fantasy", "type": "capture"},
  {"exe": "bfvTrial.exe", "class": "", "title": "Battlefield", "type": "capture"},
  {"exe": "SC2.exe", "class": "StarCraft", "title": "TITLE_MASK_HERE", "type": "capture"},
  {"exe": "SC2.exe", "class": "", "title": "Santa Claus In Trouble", "type": "capture"},
  {"exe": "Solitaire.exe", "class": "", "title": "", "type": "capture"},
  {"exe": "SimpleMinesweeper.exe", "class": "", "title": "", "type": "capture"},
  {"exe": "MinecraftX86.exe", "class": "", "title": "", "type": "capture"},
  {"exe": "ModernWarfare.exe", "class": "", "title": "", "type": "capture"},
  {"exe": "RainbowSix.exe", "class": "", "title": "Rainbow Six", "type": "capture"},
  {"exe": "R6-Extraction.exe", "class": "", "title": "", "type": "capture"},
  {"exe": "Hyperscape.exe", "class": "", "title": "Hyperscape", "type": "capture"},
  {"exe": "Brawlhalla.exe", "class": "", "title": "Brawlhalla", "type": "capture"},
  {"exe": "SkyrimSE.exe", "class": "", "title": "Skyrim", "type": "capture"},
  {"exe": "PathOfExile_x64.exe", "class": "POEWindowClass", "title": "", "type": "capture"},
  {"exe": "WorldOfWarships64.exe", "class": "App", "title": "", "type": "capture"},
  {"exe": "eso64.exe", "class": "EsoClientWndClass", "title": "", "type": "capture"},
  {"exe": "NeedForSpeedHeat.exe", "class": "Need for Speed", "title": "", "type": "capture"},
  {"exe": "jasp.exe", "class": "Jedi Knight", "title": "", "type": "capture"},
  {"exe": "SnowRunner.exe", "class": "SnowRunner", "title": "", "type": "capture"},
  {"exe": "tModLoader.exe", "class": "", "title": "Terraria", "type": "capture"},
  {"exe": "Mafia II Definitive Edition.exe", "class": "Mafia II", "title": "", "type": "capture"},
  {"exe": "metin2client.bin", "class": "eter", "title": "", "type": "capture"},
  {"exe": "hyxd.exe", "class": "", "title": "", "type": "capture"},
  {"exe": "lifeafter.exe", "class": "G66Win32Window", "title": "", "type": "capture"},
  {"exe": "GearGame.exe", "class": "", "title": "Gears of War 4", "type": "capture"},
  {"exe": "ZAT.exe", "class": "Zombie Army Trilogy:", "title": "", "type": "capture"},
  {"exe": "sv3c.exe", "class": "SOUND VOLTEX", "title": "SOUND VOLTEX", "type": "capture"},
  {"exe": "DOW2.exe", "class": "", "title": "Dawn of War", "type": "capture"},
  {"exe": "W40k.exe", "class": "", "title": "Warhammer", "type": "capture"},
  {"exe": "Owlboy.exe", "class": "", "title": "Owlboy", "type": "capture"},
  {"exe": "Minesweeper.exe", "class": "", "title": "Minesweeper", "type": "capture"},
  {"exe": "BGE.exe", "class": "BGEMain", "title": "", "type": "capture"},
  {"exe": "NZA.exe", "class": "Sniper Elite", "title": "", "type": "capture"},
  {"exe": "Secrets Of Grindea.exe", "class": "", "title": "", "type": "capture"},
  {"exe": "ELEX.exe", "class": "Engine", "title": "ELEX", "type": "capture"},
  {"exe": "mowas_2.exe", "class": "MOWAS2_WND", "title": "", "type": "capture"},
  {"exe": "tra.exe", "class": "TOMBRAIDER", "title": "", "type": "capture"},
  {"exe": "BattleBrothers.exe", "class": "", "title": "Battle Brothers", "type": "capture"},
  {"exe": "AoEDE_s.exe", "class": "Age of Empire", "title": "Age of Empire", "type": "capture"},
  {"exe": "SRO_Client.exe", "class": "", "title": "SRO_Client", "type": "capture"},
  {"exe": "sro_client.exe", "class": "", "title": "", "type": "capture"},
  {"exe": "WOFF.exe", "class": "", "title": "WORLD OF FINAL FANTASY", "type": "capture"},
  {"exe": "StartupCompany.exe", "class": "", "title": "Startup Company", "type": "capture"},
  {"exe": "NostaleClientX.exe", "class": "", "title": "Nos", "type": "capture"},
  {"exe": "Prepar3D.exe", "class": "FS98MAIN", "title": "", "type": "capture"},
  {"exe": "rFactor2.exe", "class": "CUBERealtime", "title": "", "type": "capture"},
  {"exe": "FF4.exe", "class": "SDL_app", "title": "Final Fantasy IV", "type": "capture"},
  {"exe": "ed6_win_DX9.exe", "class": "Falcom", "title": "", "type": "capture"},
  {"exe": "kao2.exe", "class": "GLUT", "title": "Kao", "type": "capture"},
  {"exe": "ShantaeHero.exe", "class": "SDL_app", "title": "Shantae", "type": "capture"},
  {"exe": "ShantaeCurse.exe", "class": "", "title": "Shantae", "type": "capture"},
  {"exe": "FlightSimulator.exe", "class": "", "title": "Microsoft Flight Simulator", "type": "capture"},
  {"exe": "BeamNG.drive.x64.exe", "class": "", "title": "", "type": "capture"},
  {"exe": "Wow.exe", "class": "GxWindowClass", "title": "", "type": "capture"},
  {"exe": "ACOdyssey.exe", "class": "", "title": "Assassin", "type": "capture"},
  {"exe": "Vintagestory.exe", "class": "", "title": "", "type": "capture"},
  {"exe": "MelodysEscape.exe", "class": "", "title": "Melody", "type": "capture"},
  {"exe": "Firestorm-Releasex64.exe", "class": "", "title": "", "type": "capture"},
  {"exe": "Prince of Persia.exe", "class": "", "title": "Prince of Persia", "type": "capture"},
  {"exe": "Gothic2.exe", "class": "", "title": "Gothic II", "type": "capture"},
  {"exe": "re3.exe", "class": "via", "title": "BIOHAZARD", "type": "capture"},
  {"exe": "COTM.exe", "class": "Bloodstained", "title": "Bloodstained", "type": "capture"},
  {"exe": "100orange.exe", "class": "", "title": "", "type": "capture"},
  {"exe": "WalkingDead101.exe", "class": "", "title": "Telltale Games", "type": "capture"},
  {"exe": "Windows10Universal.exe", "class": "", "title": "Roblox", "type": "capture"},
  {"exe": "MinecraftStoryMode.exe", "class": "", "title": "Telltale Games", "type": "capture"},
  {"exe": "TheWolfAmongUs.exe", "class": "", "title": "Telltale Games", "type": "capture"},
  {"exe": "WalkingDead4.exe", "class": "", "title": "Telltale Games", "type": "capture"},
  {"exe": "WDC.exe", "class": "", "title": "Telltale Games", "type": "capture"},
  {"exe": "Borderlands.exe", "class": "", "title": "Telltale Games", "type": "capture"},
  {"exe": "Borderlands.exe", "class": "", "title": "Borderlands", "type": "capture"},
  {"exe": "TheWalkingDead2.exe", "class": "", "title": "Telltale Games", "type": "capture"},
  {"exe": "Thrones.exe", "class": "", "title": "Telltale Games", "type": "capture"},
  {"exe": "Thrones.exe", "class": "Shogun2", "title": "", "type": "capture"},
  {"exe": "WowB.exe", "class": "GxWindowClass", "title": "", "type": "capture"},
  {"exe": "noita.exe", "class": "", "title": "Noita", "type": "capture"},
  {"exe": "WowClassic.exe", "class": "GxWindowClass", "title": "", "type": "capture"},
  {"exe": "fallout2HR.exe", "class": "GNW95 Class", "title": "Fallout", "type": "capture"},
  {"exe": "WindowsEntryPoint.Windows.exe", "class": "", "title": "Modern Combat", "type": "capture"},
  {"exe": "Quiplash.exe", "class": "", "title": "Quiplash", "type": "capture"},
  {"exe": "MonsterHunterWorld.exe", "class": "MT FRAMEWORK", "title": "", "type": "capture"},
  {"exe": "SporeApp.exe", "class": "Canvas", "title": "", "type": "capture"},
  {"exe": "CryoFall_Client.exe", "class": "", "title": "CryoFall", "type": "capture"},
  {"exe": "DCGAME.EXE", "class": "", "title": "DC Universe Online", "type": "capture"},
  {"exe": "Amnesia.exe", "class": "", "title": "", "type": "capture"},
  {"exe": "main.exe", "class": "D3D Window", "title": "Grand", "type": "capture"},
  {"exe": "", "class": "pxgclient", "title": "PXG Client", "type": "capture"},
  {"exe": "FTLGame.exe", "class": "", "title": "", "type": "capture"},
  {"exe": "DuckGame.exe", "class": "", "title": "DuckGame", "type": "capture"},
  {"exe": "EverQuest2.exe", "class": "", "title": "EverQuest", "type": "capture"},
  {"exe": "SIGame.exe", "class": "", "title": "SIGame", "type": "capture"},
  {"exe": "hl2.exe", "class": "", "title": "", "type": "capture"},
  {"exe": "hl.exe", "class": "Valve001", "title": "", "type": "capture"},
  {"exe": "hl.exe", "class": "SDL_app", "title": "", "type": "capture"},
  {"exe": "gmod.exe", "class": "Valve001", "title": "", "type": "capture"},
  {"exe": "Vampire.exe", "class": "", "title": "Vampire", "type": "capture"},
  {"exe": "TheNewZ.exe", "class": "", "title": "Infestation", "type": "capture"},
  {"exe": "ShadowArena64.exe", "class": "", "title": "Shadow Arena", "type": "capture"},
  {"exe": "Dofus.exe", "class": "ApolloRuntimeContentWindow", "title": "", "type": "capture"},
  {"exe": "H1Z1.exe", "class": "", "title": "H1Z1", "type": "capture"},
  {"exe": "nioh.exe", "class": "", "title": "Nioh", "type": "capture"},
  {"exe": "arma3.exe", "class": "Arma 3", "title": "", "type": "capture"},
  {"exe": "nw.exe", "class": "Chrome_WidgetWin_", "title": "", "type": "capture"},
  {"exe": "cubeworld.exe", "class": "", "title": "Cube World", "type": "capture"},
  {"exe": "srb2kart.exe", "class": "SDL_app", "title": "SRB2Kart", "type": "capture"},
  {"exe": "parsecd.exe", "class": "SDL_app", "title": "Parsec", "type": "capture"},
  {"exe": "arma3_x64.exe", "class": "Arma 3", "title": "", "type": "capture"},
  {"exe": "BlackOps3.exe", "class": "CoDBlackOps", "title": "", "type": "capture"},
  {"exe": "shakesandfidget.exe", "class": "", "title": "Shakes", "type": "capture"},
  {"exe": "csgo.exe", "class": "Valve001", "title": "", "type": "capture"},
  {"exe": "BlackSquadGame.exe", "class": "LaunchCombatUWindowsClient", "title": "", "type": "capture"},
  {"exe": "Digimon Story CS.exe", "class": "", "title": "Digimon Story Cyber Sleuth Complete Edition", "type": "capture"},
  {"exe": "PUBGLite-Win64-Shipping.exe", "class": "", "title": "PUBG", "type": "capture"},
  {"exe": "trgame.exe", "class": "", "title": "Tales Runner", "type": "capture"},
  {"exe": "spyparty.exe", "class": "", "title": "SpyParty", "type": "capture"},
  {"exe": "UnrailedGame.exe", "class": "", "title": "Unrailed!", "type": "capture"},
  {"exe": "deponia.exe", "class": "", "title": "", "type": "capture"},
  {"exe": "Darksiders2.exe", "class": "Darksiders2PC", "title": "Darksiders", "type": "capture"},
  {"exe": "Bloody Trapland.exe", "class": "", "title": "Bloody Trapland", "type": "capture"},
  {"exe": "ChildofLight.exe", "class": "", "title": "Child of Light", "type": "capture"},
  {"exe": "sobek.exe", "class": "SDL_app", "title": "Turok", "type": "capture"},
  {"exe": "Origins2.exe", "class": "", "title": "Origins2", "type": "capture"},
  {"exe": "PW_Game.exe", "class": "Prime World", "title": "Prime World", "type": "capture"},
  {"exe": "Transistor.exe", "class": "", "title": "Transistor", "type": "capture"},
  {"exe": "DeadByDaylight-Win64-Shipping.exe", "class": "", "title": "DeadByDaylight", "type": "capture"},
  {"exe": "REResistance.exe", "class": "", "title": "RESIDENT EVIL RESISTANCE", "type": "capture"},
  {"exe": "PlanetSide2_x64.exe", "class": "", "title": "Planetside2", "type": "capture"},
  {"exe": "Hearthstone.exe", "class": "", "title": "", "type": "capture"},
  {"exe": "cm_client.exe", "class": "", "title": "Life is Feudal", "type": "capture"},
  {"exe": "kenshi_x64.exe", "class": "", "title": "Kenshi", "type": "capture"},
  {"exe": "PES2020.exe", "class": "eFootball", "title": "eFootball", "type": "capture"},
  {"exe": "PES2019.exe", "class": "", "title": "PRO EVOLUTION SOCCER 2019", "type": "capture"},
  {"exe": "RobloxPlayerBeta.exe", "class": "", "title": "", "type": "capture"},
  {"exe": "OSBuddy64.exe", "class": "", "title": "OSBuddy", "type": "capture"},
  {"exe": "OSBuddy.exe", "class": "", "title": "OSBuddy", "type": "capture"},
  {"exe": "GameClient.exe", "class": "CrypticWindowClass", "title": "", "type": "capture"},
  {"exe": "Overwatch.exe", "class": "TankWindowClass", "title": "", "type": "capture"},
  {"exe": "metin2client.exe", "class": "", "title": "", "type": "capture"},
  {"exe": "eurotrucks2.exe", "class": "prism3d", "title": "", "type": "capture"},
  {"exe": "openttd.exe", "class": "", "title": "OpenTTD", "type": "capture"},
  {"exe": "Dauntless-Win64-Shipping.exe", "class": "", "title": "Dauntless", "type": "capture"},
  {"exe": "Minecraft.Windows.exe", "class": "", "title": "Minecraft", "type": "capture"},
  {"exe": "Europa_Client.exe", "class": "GEMAINWINDOWCLASS", "title": "", "type": "capture"},
  {"exe": "SC2_x64.exe", "class": "StarCraft II", "title": "", "type": "capture"},
  {"exe": "Warframe.x64.exe", "class": "WarframePublicEvolutionGfxD3D11", "title": "", "type": "capture"},
  {"exe": "Bannerlord.exe", "class": "", "title": "Bannerlord", "type": "capture"},
  {"exe": "TaleWorlds.MountAndBlade.Launcher.exe", "class": "", "title": "Bannerlord", "type": "capture"},
  {"exe": "SoTGame.exe", "class": "", "title": "Sea of Thieves", "type": "capture"},
  {"exe": "ACC.exe", "class": "ScimitarEngineWindowClass", "title": "", "type": "capture"},
  {"exe": "SouthPark-TheStickofTruth.exe", "class": "SouthPark-TheStickofTruth", "title": "", "type": "capture"},
  {"exe": "fury.exe", "class": "", "title": "Ion Fury", "type": "capture"},
  {"exe": "DayZ_x64.exe", "class": "", "title": "DayZ", "type": "capture"},
  {"exe": "wwzRetailEgs.exe", "class": "", "title": "WWZ", "type": "capture"},
  {"exe": "bfv.exe", "class": "", "title": "Battlefield", "type": "capture"},
  {"exe": "The Banner Saga.exe", "class": "", "title": "The Banner Saga", "type": "capture"},
  {"exe": "StepMania.exe", "class": "", "title": "", "type": "capture"},
  {"exe": "MTGO.exe", "class": "", "title": "The Gathering Online", "type": "capture"},
  {"exe": "HWR.exe", "class": "", "title": "Heroes of Hammerwatch", "type": "capture"},
  {"exe": "RobloxStudioBeta.exe", "class": "", "title": "", "type": "capture"},
  {"exe": "RedM.exe", "class": "sgaWindow", "title": "", "type": "capture"},
  {"exe": "Northgard.exe", "class": "HL_WIN", "title": "", "type": "capture"},
  {"exe": "game.dat", "class": "E99E8455", "title": "", "type": "capture"},
  {"exe": "BorderlandsGOTY.exe", "class": "", "title": "", "type": "capture"},
  {"exe": "Crossout.exe", "class": "", "title": "Crossout", "type": "capture"},
  {"exe": "togg.exe", "class": "Window_0", "title": "", "type": "capture"},
  {"exe": "rerev2.exe", "class": "", "title": "RESIDENT EVIL REVELATIONS 2", "type": "capture"},
  {"exe": "re2.exe", "class": "via", "title": "RESIDENT EVIL 2", "type": "capture"},
  {"exe": "re3.exe", "class": "", "title": "RESIDENT EVIL 3", "type": "capture"},
  {"exe": "re7.exe", "class": "", "title": "", "type": "capture"},
  {"exe": "dota2.exe", "class": "", "title": "Dota 2", "type": "capture"},
  {"exe": "witcher.exe", "class": "The Witcher", "title": "", "type": "capture"},
  {"exe": "t6rmp.exe", "class": "CoDBlackOps", "title": "Call of Duty", "type": "capture"},
  {"exe": "rs2client.exe", "class": "", "title": "RuneScape", "type": "capture"},
  {"exe": "ProjectZomboid64.exe", "class": "", "title": "Project Zomboid", "type": "capture"},
  {"exe": "starwarsbattlefrontii.exe", "class": "", "title": "", "type": "capture"},
  {"exe": "CrossCode.exe", "class": "", "title": "CrossCode Min", "type": "capture"},
  {"exe": "ShadowOfWar.exe", "class": "", "title": "", "type": "capture"},
  {"exe": "age3.exe", "class": "Age3", "title": "", "type": "capture"},
  {"exe": "LeagueClientUx.exe", "class": "RCLIENT", "title": "League of Legends", "type": "capture"},
  {"exe": "ffxiv_dx11.exe", "class": "FFXIVGAME", "title": "FINAL FANTASY XIV", "type": "capture"},
  {"exe": "EDF5.exe", "class": "", "title": "EarthDefenceForce", "type": "capture"},
  {"exe": "pokemonshowdown.exe", "class": "Chrome_WidgetWin", "title": "", "type": "capture"},
  {"exe": "deadcells.exe", "class": "SDL_app", "title": "", "type": "capture"},
  {"exe": "ELEMENTCLIENT.EXE", "class": "", "title": "Perfect World", "type": "capture"},
  {"exe": "ZA4_dx12.exe", "class": "Zombie Army 4", "title": "", "type": "capture"},
  {"exe": "MAT.exe", "class": "realWWindows", "title": "", "type": "capture"},
  {"exe": "ashes.exe", "class": "D3DWindow", "title": "", "type": "capture"},
  {"exe": "srb2win.exe", "class": "SDL_app", "title": "SRB2", "type": "capture"},
  {"exe": "Il-2.exe", "class": "Il-2", "title": "", "type": "capture"},
  {"exe": "WRC8.exe", "class": "WRC8", "title": "WRC8", "type": "capture"},
  {"exe": "SWTFU.exe", "class": "", "title": "Star Wars", "type": "capture"},
  {"exe": "client.exe", "class": "", "title": "Creative Destruction", "type": "capture"},
  {"exe": "Celeste.exe", "class": "", "title": "Celeste", "type": "capture"},
  {"exe": "DOOMx64.exe", "class": "Zion", "title": "DOOMx64", "type": "capture"},
  {"exe": "DOOM64_x64.exe", "class": "", "title": "DOOM 64", "type": "capture"},
  {"exe": "isaac-ng.exe", "class": "", "title": "Binding of Isaac", "type": "capture"},
  {"exe": "HeroesOfTheStorm_x64.exe", "class": "", "title": "", "type": "capture"},
  {"exe": "factorio.exe", "class": "", "title": "", "type": "capture"},
  {"exe": "archeage.exe", "class": "ArcheAge", "title": "", "type": "capture"},
  {"exe": "South Park - The Stick of Truth.exe", "class": "", "title": "", "type": "capture"},
  {"exe": "deadcells.exe", "class": "HL_WIN", "title": "", "type": "capture"},
  {"exe": "proxy_sa.exe", "class": "", "title": "", "type": "capture"},
  {"exe": "Cq.exe", "class": "", "title": "CostumeQuest", "type": "capture"},
  {"exe": "phase_shift.exe", "class": "", "title": "Phase Shift", "type": "capture"},
  {"exe": "krita.exe", "class": "Qt5QWindowIcon", "title": "Krita", "type": "capture"},
  {"exe": "Darwin-Win64-Shipping.exe", "class": "", "title": "Darwin", "type": "capture"},
  {"exe": "Astro-Win64-Shipping.exe", "class": "", "title": "ASTRONEER", "type": "capture"},
  {"exe": "fm.exe", "class": "", "title": "Football Manager", "type": "capture"},
  {"exe": "x2.exe", "class": "Direct3DWindowClass", "title": "Elsword", "type": "capture"},
  {"exe": "JumpKing.exe", "class": "", "title": "Jump King", "type": "capture"},
  {"exe": "OpenOSRS.exe", "class": "SunAwtFrame", "title": "OpenOSRS", "type": "capture"},
  {"exe": "WorldOfWarplanes.exe", "class": "World of Warplanes", "title": "", "type": "capture"},
  {"exe": "SOTTR.exe", "class": "", "title": "Shadow of the Tomb Raider", "type": "capture"},
  {"exe": "ROTTR.exe", "class": "", "title": "Rise of the Tomb Raider", "type": "capture"},
  {"exe": "RogueLegacy.exe", "class": "", "title": "Rogue Legacy", "type": "capture"},
  {"exe": "SummerCamp.exe", "class": "", "title": "", "type": "capture"},
  {"exe": "Wreckfest_x64.exe", "class": "", "title": "Wreckfest", "type": "capture"},
  {"exe": "MapleStory.exe", "class": "MapleStoryClass", "title": "", "type": "capture"},
  {"exe": "SpaceEngineers.exe", "class": "", "title": "Space Engineers", "type": "capture"},
  {"exe": "sro_client.exe", "class": "CLIENT", "title": "SRO_C", "type": "capture"},
  {"exe": "cstrike-online.exe", "class": "", "title": "Counter-Strike Nexon", "type": "capture"},
  {"exe": "exefile.exe", "class": "triuiScreen", "title": "EVE", "type": "capture"},
  {"exe": "ironsight.exe", "class": "IronSight", "title": "ironsight", "type": "capture"},
  {"exe": "QuakeChampions.exe", "class": "Lovecraft", "title": "Quake Champions CLIENT", "type": "capture"},
  {"exe": "gzdoom.exe", "class": "DoomMainWindow", "title": "", "type": "capture"},
  {"exe": "TheyAreBillions.exe", "class": "", "title": "They Are Billions", "type": "capture"},
  {"exe": "DragonNest.exe", "class": "DRAGONNEST", "title": "", "type": "capture"},
  {"exe": "ShooterGame.exe", "class": "", "title": "Survival", "type": "capture"},
  {"exe": "bf4.exe", "class": "Battlefield", "title": "", "type": "capture"},
  {"exe": "Client.exe", "class": "Mabinogi", "title": "", "type": "capture"},
  {"exe": "DOA6.exe", "class": "", "title": "DEAD OR ALIVE", "type": "capture"},
  {"exe": "GTA_SA.EXE", "class": "Grand theft auto San Andreas", "title": "", "type": "capture"},
  {"exe": "nwmain.exe", "class": "SDL_app", "title": "Neverwinter", "type": "capture"},
  {"exe": "FireAlpaca.exe", "class": "", "title": "FireAlpaca", "type": "capture"},
  {"exe": "Risen.exe", "class": "", "title": "RISEN", "type": "capture"},
  {"exe": "ILB.exe", "class": "CLASS_MASK_HERE", "title": "It Lurks Below", "type": "capture"},
  {"exe": "POP.EXE", "class": "PoPTSoT", "title": "", "type": "capture"},
  {"exe": "EoCApp.exe", "class": "", "title": "DOS ", "type": "capture"},
  {"exe": "Warcraft III.exe", "class": "", "title": "Warcraft III", "type": "capture"},
  {"exe": "amtrucks.exe", "class": "prism3d", "title": "", "type": "capture"},
  {"exe": "NeptuniaReBirth1.exe", "class": "NeptuniaRB1Class", "title": "Hyperdimension", "type": "capture"},
  {"exe": "dmc1.exe", "class": "Devil May Cry", "title": "Devil May Cry", "type": "capture"},
  {"exe": "AoMX.exe", "class": "AoM", "title": "Age of Mythology", "type": "capture"},
  {"exe": "KnightOnLine.exe", "class": "", "title": "", "type": "capture"},
  {"exe": "bf1.exe", "class": "Battlefield", "title": "Battlefield", "type": "capture"},
  {"exe": "DyingLightGame.exe", "class": "techland_game_class", "title": "Dying Light", "type": "capture"},
  {"exe": "DeadIslandGame.exe", "class": "techland_game_class", "title": "Dead Island", "type": "capture"},
  {"exe": "DeadIslandRiptideGame.exe", "class": "techland_game_class", "title": "Dead Island", "type": "capture"},
  {"exe": "reaper.exe", "class": "REAPERwnd", "title": "", "type": "capture"},
  {"exe": "eu4.exe", "class": "Europa Universalis", "title": "Europa Universalis", "type": "capture"},
  {"exe": "sriv.exe", "class": "SRE4", "title": "", "type": "capture"},
  {"exe": "MISE.exe", "class": "RemonkeyedMainWindow", "title": "", "type": "capture"},
  {"exe": "TT2.exe", "class": "TT Isle of Man", "title": "", "type": "capture"},
  {"exe": "GHWT.exe", "class": "AspyrGH3", "title": "", "type": "capture"},
  {"exe": "mm.exe", "class": "Valve001", "title": "Dark Messiah", "type": "capture"},
  {"exe": "Pyre.exe", "class": "SDL_app", "title": "Pyre", "type": "capture"},
  {"exe": "t-engine.exe", "class": "SDL_app", "title": "Tales of Maj", "type": "capture"},
  {"exe": "Ruse.exe", "class": "EugGameWindow", "title": "R.U.S.E.", "type": "capture"},
  {"exe": "fate.exe", "class": "FATE", "title": "", "type": "capture"},
  {"exe": "AoW3.exe", "class": "Triumph Studios Game", "title": "", "type": "capture"},
  {"exe": "Dofus Retro.exe", "class": "Chrome_WidgetWin", "title": "", "type": "capture"},
  {"exe": "RDR2.exe", "class": "", "title": "Red Dead Redemption 2", "type": "capture"},
  {"exe": "NMS.exe", "class": "", "title": "No Man's Sky", "type": "capture"},
  {"exe": "sonic.exe", "class": "", "title": "Sonic", "type": "capture"},
  {"exe": "Rust.exe", "class": "EACLauncherWnd", "title": "Rust", "type": "capture"},
  {"exe": "pso2.exe", "class": "Phantasy Star Online 2", "title": "Phantasy Star Online 2", "type": "capture"},
  {"exe": "TESV.exe", "class": "Skyrim", "title": "Skyrim", "type": "capture"},
  {"exe": "FalloutNV.exe", "class": "Fallout", "title": "Fallout", "type": "capture"},
  {"exe": "eldorado.exe", "class": "ElDewrito", "title": "ElDewrito", "type": "capture"},
  {"exe": "JustCause2.exe", "class": "", "title": "Just Cause", "type": "capture"},
  {"exe": "LC2.exe", "class": "NixxesLC2", "title": "Lara Croft", "type": "capture"},
  {"exe": "bms.exe", "class": "Valve001", "title": "Black Mesa", "type": "capture"},
  {"exe": "Plane9.exe", "class": "", "title": "Plane9", "type": "capture"},
  {"exe": "speed.exe", "class": "GameFrame", "title": "", "type": "capture"},
  {"exe": "DAOrigins.exe", "class": "DragonAge", "title": "Dragon Age", "type": "capture"},
  {"exe": "DragonAgeInquisition.exe", "class": "Dragon Age", "title": "Dragon Age", "type": "capture"},
  {"exe": "QuestViewer.exe", "class": "", "title": "", "type": "capture"},
  {"exe": "PointBlank.exe", "class": "", "title": "Point Blank", "type": "capture"},
  {"exe": "CrashBandicootNSaneTrilogy.exe", "class": "", "title": "Crash Bandicoot", "type": "capture"},
  {"exe": "FarCry5.exe", "class": "", "title": "FarCry", "type": "capture"},
  {"exe": "TombRaider.exe", "class": "", "title": "Tomb Raider", "type": "capture"},
  {"exe": "RPG_RT.exe", "class": "TFormLcfGameMain", "title": "", "type": "capture"},
  {"exe": "hlvr.exe", "class": "", "title": "Half-Life", "type": "capture"},
  {"exe": "ShadowOfMordor.exe", "class": "Shadow of Mordor", "title": "", "type": "capture"},
  {"exe": "BH6.exe", "class": "BIOHAZARD", "title": "", "type": "capture"},
  {"exe": "BH6.exe", "class": "RESIDENT EVIL", "title": "", "type": "capture"},
  {"exe": "bio4.exe", "class": "RE4HDWnd", "title": "", "type": "capture"},
  {"exe": "GDMO.exe", "class": "DMO", "title": "", "type": "capture"},
  {"exe": "age3y.exe", "class": "Age3", "title": "Age of Empires", "type": "capture"},
  {"exe": "simulacra.exe", "class": "", "title": "SIMULACRA", "type": "capture"},
  {"exe": "cnc3game.dat", "class": "", "title": "Command", "type": "capture"},
  {"exe": "CodeVein-Win64-Shipping.exe", "class": "", "title": "", "type": "capture"},
  {"exe": "DustAET.exe", "class": "", "title": "An Elysian Tail", "type": "capture"},
  {"exe": "DBXV.exe", "class": "DRAGON BALL XENOVERSE", "title": "DRAGON BALL XENOVERSE", "type": "capture"},
  {"exe": "GRB_UPP.exe", "class": "ScimitarEngineWindowClass", "title": "", "type": "capture"},
  {"exe": "Anno1800.exe", "class": "Anno", "title": "Anno", "type": "capture"},
  {"exe": "Shadow.exe", "class": "", "title": "Shadow", "type": "capture"},
  {"exe": "DDDA.exe", "class": "", "title": "Dragon\u2019s Dogma", "type": "capture"},
  {"exe": "KB.exe", "class": "", "title": "kingsbounty", "type": "capture"},
  {"exe": "PokerStars.exe", "class": "GLFW30", "title": "", "type": "capture"},
  {"exe": "Evoland.exe", "class": "", "title": "", "type": "capture"},
  {"exe": "Domina.exe", "class": "ALEX", "title": "Domina", "type": "capture"},
  {"exe": "SniperElite4_DX11.exe", "class": "SniperElite4", "title": "", "type": "capture"},
  {"exe": "thinclient.exe", "class": "", "title": "Drakensang Online", "type": "capture"},
  {"exe": "WRC7.exe", "class": "WRC7", "title": "WRC7", "type": "capture"},
  {"exe": "GRW.exe", "class": "ScimitarEngineWindowClass", "title": "", "type": "capture"},
  {"exe": "Neuz.exe", "class": "", "title": "", "type": "capture"},
  {"exe": "Soma.exe", "class": "SDL_app", "title": "SOMA", "type": "capture"},
  {"exe": "xgameFinal.exe", "class": "", "title": "Halo Wars", "type": "capture"},
  {"exe": "Tanki Online.exe", "class": "ApolloRuntimeContentWindow", "title": "", "type": "capture"},
  {"exe": "okami.exe", "class": "FLOWER-WCN", "title": "", "type": "capture"},
  {"exe": "Dishonored2.exe", "class": "Dishonored", "title": "Dishonored", "type": "capture"},
  {"exe": "dontstarve_steam.exe", "class": "", "title": "Don't Starve", "type": "capture"},
  {"exe": "FFX.exe", "class": "PhyreFrameworkClass", "title": "FINAL FANTASY", "type": "capture"},
  {"exe": "ACU.exe", "class": "ScimitarEngineWindowClass", "title": "", "type": "capture"},
  {"exe": "BlackDesert64.bin", "class": "BlackDesertWindowClass", "title": "GamezBD", "type": "capture"},
  {"exe": "JWE.exe", "class": "", "title": "Jurassic World Evolution", "type": "capture"},
  {"exe": "ffxv_s.exe", "class": "FFXV.MainWindow", "title": "FINAL FANTASY XV WINDOWS EDITION", "type": "capture"},
  {"exe": "alanwake.exe", "class": "", "title": "Alan Wake", "type": "capture"},
  {"exe": "HOB.exe", "class": "OgreD3D11Wnd", "title": "HOB", "type": "capture"},
  {"exe": "bhd.exe", "class": "RE_BHD", "title": "Resident Evil", "type": "capture"},
  {"exe": "X-Plane.exe", "class": "X-System", "title": "", "type": "capture"},
  {"exe": "hoi4.exe", "class": "", "title": "Hearts of Iron IV", "type": "capture"},
  {"exe": "Omsi.exe", "class": "", "title": "Omsi", "type": "capture"},
  {"exe": "Omsi.exe", "class": "", "title": "OMSI", "type": "capture"},
  {"exe": "The Jackbox Party Pack 3.exe", "class": "", "title": "The Jackbox Party Pack", "type": "capture"},
  {"exe": "The Jackbox Party Pack 2.exe", "class": "", "title": "The Jackbox Party Pack 2", "type": "capture"},
  {"exe": "TJPP.exe", "class": "", "title": "The Jackbox Party Pack", "type": "capture"},
  {"exe": "The Jackbox Party Pack.exe", "class": "", "title": "The Jackbox Party Pack", "type": "capture"},
  {"exe": "The Jackbox Party Pack 4.exe", "class": "", "title": "The Jackbox Party Pack 4", "type": "capture"},
  {"exe": "CK2game.exe", "class": "SDL_app", "title": "", "type": "capture"},
  {"exe": "JagexLauncher.exe", "class": "", "title": "RuneScape", "type": "capture"},
  {"exe": "hon.exe", "class": "", "title": "Heroes of Newerth", "type": "capture"},
  {"exe": "t6zm.exe", "class": "CoDBlackOps", "title": "", "type": "capture"},
  {"exe": "Official Krunker.io Client.exe", "class": "Chrome_WidgetWin_1", "title": "Krunker", "type": "capture"},
  {"exe": "FF6.exe", "class": "SDL_app", "title": "Final Fantasy", "type": "capture"},
  {"exe": "HMA.exe", "class": "", "title": "Hitman", "type": "capture"},
  {"exe": "xrEngine.exe", "class": "_XRAY_", "title": "", "type": "capture"},
  {"exe": "XR_3DA.exe", "class": "_XRAY_", "title": "", "type": "capture"},
  {"exe": "Launch.exe", "class": "DW8XL_WIN", "title": "DYNASTY WARRIORS 8", "type": "capture"},
  {"exe": "Gw2-64.exe", "class": "", "title": "Guild Wars", "type": "capture"},
  {"exe": "BlackOps.exe", "class": "CoDBlackOps", "title": "", "type": "capture"},
  {"exe": "openrct2.exe", "class": "", "title": "OpenRCT2", "type": "capture"},
  {"exe": "MinecraftX64.exe", "class": "", "title": "", "type": "capture"},
  {"exe": "GameUWP.exe", "class": "", "title": "Guacamelee", "type": "capture"},
  {"exe": "", "class": "AppWindowClass", "title": "Control 0.0", "type": "capture"},
  {"exe": "Staxel.Client.exe", "class": "SDL_app", "title": "Staxel", "type": "capture"},
  {"exe": "re5dx9.exe", "class": "MTFramework", "title": "", "type": "capture"},
  {"exe": "hng.exe", "class": "HnGWindow", "title": "H&G", "type": "capture"},
  {"exe": "cof.exe", "class": "Valve001", "title": "Cry of Fear", "type": "capture"},
  {"exe": "MountYourFriends.exe", "class": "", "title": "Mount Your Friends", "type": "capture"},
  {"exe": "20XX.exe", "class": "", "title": "20XX", "type": "capture"},
  {"exe": "bf3.exe", "class": "Battlefield", "title": "Battlefield", "type": "capture"},
  {"exe": "t6mp.exe", "class": "CoDBlackOps", "title": "Call of Duty", "type": "capture"},
  {"exe": "re3demo.exe", "class": "via", "title": "Raccoon City", "type": "capture"},
  {"exe": "SuperMeatBoy.exe", "class": "TOMMUNISMENGINE_GAME", "title": "Super Meat Boy", "type": "capture"},
  {"exe": "Drawful 2.exe", "class": "", "title": "Drawful 2", "type": "capture"},
  {"exe": "Bastion.exe", "class": "", "title": "Bastion", "type": "capture"},
  {"exe": "Scribble.exe", "class": "scribbleWnd", "title": "Scribblenauts", "type": "capture"},
  {"exe": "drt.exe", "class": "", "title": "DiRT Rally", "type": "capture"},
  {"exe": "SpeedRunners.exe", "class": "", "title": "SpeedRunners", "type": "capture"},
  {"exe": "lotroclient.exe", "class": "Turbine Device Class", "title": "", "type": "capture"},
  {"exe": "iw4x.exe", "class": "IW4", "title": "IW4x", "type": "capture"},
  {"exe": "BBCF.exe", "class": "BLAZBLUE CENTRALFICTION", "title": "BLAZBLUE CENTRALFICTION", "type": "capture"},
  {"exe": "Generals.exe", "class": "Game Window", "title": "", "type": "capture"},
  {"exe": "aomx.exe", "class": "", "title": "Age of Mythology", "type": "capture"},
  {"exe": "zula.exe", "class": "acknex_mainwin", "title": "Zula", "type": "capture"},
  {"exe": "AoEDE.exe", "class": "", "title": "Age of Empires", "type": "capture"},
  {"exe": "SniperElite4_DX12.exe", "class": "SniperElite4", "title": "", "type": "capture"},
  {"exe": "proven_ground_client.exe", "class": "Chaos_Window", "title": "", "type": "capture"},
  {"exe": "eqgame.exe", "class": "", "title": "EverQuest", "type": "capture"},
  {"exe": "witness64_d3d11.exe", "class": "Witness", "title": "Witness", "type": "capture"},
  {"exe": "One Finger Death Punch.exe", "class": "", "title": "One Finger Death Punch", "type": "capture"},
  {"exe": "UNIst.exe", "class": "UNDER NIGHT IN-BIRTH Exe", "title": "", "type": "capture"},
  {"exe": "wotblitz.exe", "class": "", "title": "WoT Blitz", "type": "capture"},
  {"exe": "TmForever.exe", "class": "TmForever", "title": "", "type": "capture"},
  {"exe": "MudRunner.exe", "class": "MudRunner", "title": "MudRunner", "type": "capture"},
  {"exe": "Diablo III64.exe", "class": "D3 Main Window Class", "title": "", "type": "capture"},
  {"exe": "dwrg.exe", "class": "", "title": "IdentityV", "type": "capture"},
  {"exe": "cuisine_royale.exe", "class": "DagorWClass", "title": "Cuisine Royale", "type": "capture"},
  {"exe": "Sims2EP9.exe", "class": "", "title": "Sims", "type": "capture"},
  {"exe": "TEW2.exe", "class": "The Evil Within 2", "title": "TITLE_MASK_HERE", "type": "capture"},
  {"exe": "SpinTires.exe", "class": "", "title": "Spin", "type": "capture"},
  {"exe": "RXC1.exe", "class": "Mega Man X Legacy", "title": "", "type": "capture"},
  {"exe": "RXC2.exe", "class": "Mega Man X Legacy", "title": "Mega Man X Legacy", "type": "capture"},
  {"exe": "Proteus.exe", "class": "Mega Man", "title": "Mega Man", "type": "capture"},
  {"exe": "MapleStory2.exe", "class": "MapleStory2", "title": "MapleStory2", "type": "capture"},
  {"exe": "MixedRealityPortal.exe", "class": "", "title": "", "type": "capture"},
  {"exe": "AI.exe", "class": "Alien", "title": "Isolation", "type": "capture"},
  {"exe": "Realm of the Mad God.exe", "class": "", "title": "Realm of the Mad God", "type": "capture"},
  {"exe": "WoW.exe", "class": "GxWindowClass", "title": "World of Warcraft", "type": "capture"},
  {"exe": "WowT.exe", "class": "GxWindowClass", "title": "World of Warcraft", "type": "capture"},
  {"exe": "DXMD.exe", "class": "", "title": "Deus Ex", "type": "capture"},
  {"exe": "GRB.exe", "class": "ScimitarEngineWindowClass", "title": "", "type": "capture"},
  {"exe": "halo2.exe", "class": "halo", "title": "Halo 2", "type": "capture"},
  {"exe": "FEAR.exe", "class": "FEAR", "title": "F.E.A.R", "type": "capture"},
  {"exe": "Addon.exe", "class": "Anno4", "title": "ANNO 1404", "type": "capture"},
  {"exe": "dcg.exe", "class": "SDL_app", "title": "Artifact", "type": "capture"},
  {"exe": "prog.exe", "class": "", "title": "DR2C", "type": "capture"},
  {"exe": "fsx.exe", "class": "FS98MAIN", "title": "Microsoft Flight Simulator X", "type": "capture"},
  {"exe": "DDLC.exe", "class": "SDL_app", "title": "", "type": "capture"},
  {"exe": "iw3mp.exe", "class": "CoD4", "title": "Call of Duty 4", "type": "capture"},
  {"exe": "Infestation_TheNewZ.exe", "class": "r3dWin", "title": "Infestation", "type": "capture"},
  {"exe": "YuGiOh.exe", "class": "YuGiOhWindowClass", "title": "Yu-Gi-Oh! ", "type": "capture"},
  {"exe": "StarWarsG.exe", "class": "Star Wars", "title": "Star Wars", "type": "capture"},
  {"exe": "MassEffectAndromeda.exe", "class": "Mass Effect", "title": "Mass Effect", "type": "capture"},
  {"exe": "enlisted.exe", "class": "DagorWClass", "title": "", "type": "capture"},
  {"exe": "t6rzm.exe", "class": "CoDBlackOps", "title": "Call of Duty", "type": "capture"},
  {"exe": "Gw.exe", "class": "", "title": "Guild Wars", "type": "capture"},
  {"exe": "", "class": "GameWindowClass", "title": "MX Simulator", "type": "capture"},
  {"exe": "s2_sp64_ship.exe", "class": "S2", "title": "Call of Duty", "type": "capture"},
  {"exe": "ge3.exe", "class": "ANUBISWindow", "title": "GE3", "type": "capture"},
  {"exe": "FiveNightsatFreddys2.exe", "class": "", "title": "Five", "type": "capture"},
  {"exe": "UWP.exe", "class": "", "title": "Five", "type": "capture"},
  {"exe": "GH3.exe", "class": "AspyrGH3", "title": "Guitar Hero III", "type": "capture"},
  {"exe": "ACS.exe", "class": "ScimitarEngineWindowClass", "title": "Assassin's Creed", "type": "capture"},
  {"exe": "DCS.exe", "class": "DCS", "title": "Digital Combat Simulator", "type": "capture"},
  {"exe": "pCARS2AVX.exe", "class": "", "title": "Project CARS 2", "type": "capture"},
  {"exe": "fcadefba.exe", "class": "FB Alpha", "title": "FightcadeFBA", "type": "capture"},
  {"exe": "forzamotorsport7.exe", "class": "", "title": "Forza Motorsport", "type": "capture"},
  {"exe": "Warhammer.exe", "class": "Shogun2", "title": "Total War", "type": "capture"},
  {"exe": "Warhammer.exe", "class": "WARHAMMER", "title": "Warhammer", "type": "capture"},
  {"exe": "aion.bin", "class": "AIONClientWndClass1", "title": "AION", "type": "capture"},
  {"exe": "GameMakerStudio.exe", "class": "", "title": "GameMaker Studio", "type": "capture"},
  {"exe": "love.exe", "class": "SDL_app", "title": "", "type": "capture"},
  {"exe": "PA.exe", "class": "SDL_app", "title": "Planetary Annihilation", "type": "capture"},
  {"exe": "McEngine.exe", "class": "McEngine", "title": "", "type": "capture"},
  {"exe": "GlyphEngine.exe", "class": "", "title": "", "type": "capture"},
  {"exe": "TOS.exe", "class": "Tales Of Symphonia", "title": "Tales Of Symphonia", "type": "capture"},
  {"exe": "ManiaPlanet.exe", "class": "ManiaPlanet", "title": "ManiaPlanet", "type": "capture"},
  {"exe": "Gothic3.exe", "class": "Gothic3 Engine", "title": "Gothic3", "type": "capture"},
  {"exe": "Client.exe", "class": "Radiant Arcana", "title": "", "type": "capture"},
  {"exe": "TheWolfAmongUs.exe", "class": "", "title": "The Wolf Among Us", "type": "capture"},
  {"exe": "eldenring.exe", "class": "", "title": "", "type": "capture"},
  {"exe": "DetroitBecomeHuman.exe", "class": "", "title": "", "type": "capture"},
  {"exe": "r5apex.exe", "class": "", "title": "", "type": "capture"},
  {"exe": "FIFA20.exe", "class": "", "title": "", "type": "capture"},
  {"exe": "left4dead2.exe", "class": "", "title": "", "type": "capture"},
  {"exe": "destiny2.exe", "class": "", "title": "", "type": "capture"},
  {"exe": "League of Legends.exe", "class": "", "title": "", "type": "capture"},
  {"exe": "RainbowSix_Vulkan.exe", "class": "", "title": "", "type": "capture"},
  {"exe": "quakelive_steam.exe", "class": "", "title": "", "type": "capture"},
  {"exe": "sekiro.exe", "class": "", "title": "", "type": "capture"},
  {"exe": "TheDivision2.exe", "class": "", "title": "", "type": "capture"},
  {"exe": "Warhammer2.exe", "class": "", "title": "", "type": "capture"},
  {"exe": "theHunter.exe", "class": "", "title": "", "type": "capture"},
  {"exe": "iRacingSim64DX11.exe", "class": "", "title": "", "type": "capture"},
  {"exe": "acs.exe", "class": "", "title": "", "type": "capture"},
  {"exe": "DarkSoulsRemastered.exe", "class": "", "title": "", "type": "capture"},
  {"exe": "vermintide2.exe", "class": "", "title": "", "type": "capture"},
  {"exe": "Fallout4.exe", "class": "", "title": "", "type": "capture"},
  {"exe": "SouthPark_TFBW.exe", "class": "", "title": "", "type": "capture"},
  {"exe": "ACOrigins.exe", "class": "", "title": "", "type": "capture"},
  {"exe": "SaintsRowTheThird_DX11.exe", "class": "", "title": "", "type": "capture"},
  {"exe": "theHunterCotW_F.exe", "class": "", "title": "", "type": "capture"},
  {"exe": "stanley.exe", "class": "", "title": "", "type": "capture"},
  {"exe": "WWE2K19_x64.exe", "class": "", "title": "", "type": "capture"},
  {"exe": "DOOMEternalx64vk.exe", "class": "", "title": "", "type": "capture"},
  {"exe": "SkullGirls.exe", "class": "", "title": "", "type": "capture"},
  {"exe": "mb_warband.exe", "class": "", "title": "", "type": "capture"},
  {"exe": "Yakuza0.exe", "class": "", "title": "", "type": "capture"},
  {"exe": "swkotor.exe", "class": "", "title": "", "type": "capture"},
  {"exe": "Ragexe.exe", "class": "", "title": "", "type": "capture"},
  {"exe": "PathOfExile_x64Steam.exe", "class": "", "title": "", "type": "capture"},
  {"exe": "WizardGraphicalClient.exe", "class": "", "title": "", "type": "capture"},
  {"exe": "kofxiii.exe", "class": "", "title": "", "type": "capture"},
  {"exe": "pol.exe", "class": "", "title": "", "type": "capture"},
  {"exe": "DOOMx64vk.exe", "class": "", "title": "", "type": "capture"},
  {"exe": "AoE2DE_s.exe", "class": "", "title": "", "type": "capture"},
  {"exe": "DarkSoulsII.exe", "class": "", "title": "", "type": "capture"},
  {"exe": "swtor.exe", "class": "", "title": "", "type": "capture"},
  {"exe": "ScrapMechanic.exe", "class": "", "title": "", "type": "capture"},
  {"exe": "witcher3.exe", "class": "", "title": "", "type": "capture"},
  {"exe": "gta-sa.exe", "class": "", "title": "", "type": "capture"},
  {"exe": "Fallout76.exe", "class": "", "title": "", "type": "capture"},
  {"exe": "GeometryDash.exe", "class": "", "title": "", "type": "capture"},
  {"exe": "payday2_win32_release.exe", "class": "", "title": "", "type": "capture"},
  {"exe": "Astro-UWP64-Shipping.exe", "class": "", "title": "", "type": "capture"},
  {"exe": "FarmingSimulator2019Game.exe", "class": "", "title": "", "type": "capture"},
  {"exe": "Bully.exe", "class": "", "title": "", "type": "capture"},
  {"exe": "TheCrew2.exe", "class": "", "title": "", "type": "capture"},
  {"exe": "Ultimate Custom Night.exe", "class": "", "title": "", "type": "capture"},
  {"exe": "Atelier_Ryza.exe", "class": "", "title": "", "type": "capture"},
  {"exe": "forhonor.exe", "class": "", "title": "", "type": "capture"},
  {"exe": "iw3sp.exe", "class": "", "title": "", "type": "capture"},
  {"exe": "DarkSoulsIII.exe", "class": "", "title": "", "type": "capture"},
  {"exe": "Frostpunk.exe", "class": "", "title": "", "type": "capture"},
  {"exe": "EliteDangerous64.exe", "class": "", "title": "", "type": "capture"},
  {"exe": "F1_2018.exe", "class": "", "title": "", "type": "capture"},
  {"exe": "Trove.exe", "class": "", "title": "", "type": "capture"},
  {"exe": "diabotical.exe", "class": "", "title": "", "type": "capture"},
  {"exe": "DARKSOULS.exe", "class": "", "title": "", "type": "capture"},
  {"exe": "Dead Space.exe", "class": "", "title": "", "type": "capture"},
  {"exe": "re0hd.exe", "class": "", "title": "", "type": "capture"},
  {"exe": "4k Mania Cat.exe", "class": "", "title": "", "type": "capture"},
  {"exe": "Etterna.exe", "class": "", "title": "", "type": "capture"},
  {"exe": "TTREngine.exe", "class": "", "title": "", "type": "capture"},
  {"exe": "thedivision.exe", "class": "", "title": "", "type": "capture"},
  {"exe": "RiotClientUx.exe", "class": "", "title": "", "type": "capture"},
  {"exe": "APlagueTaleInnocence_x64.exe", "class": "", "title": "", "type": "capture"},
  {"exe": "sonic2app.exe", "class": "", "title": "", "type": "capture"},
  {"exe": "crossfire.exe", "class": "", "title": "", "type": "capture"},
  {"exe": "steep.exe", "class": "", "title": "", "type": "capture"},
  {"exe": "daorigins.exe", "class": "", "title": "", "type": "capture"},
  {"exe": "Grim Dawn.exe", "class": "", "title": "", "type": "capture"},
  {"exe": "CivilizationV_DX11.exe", "class": "", "title": "", "type": "capture"},
  {"exe": "PapersPlease.exe", "class": "", "title": "", "type": "capture"},
  {"exe": "SlayTheSpire.exe", "class": "", "title": "", "type": "capture"},
  {"exe": "FiveNightsatFreddys.exe", "class": "", "title": "", "type": "capture"},
  {"exe": "Win10Universal.exe", "class": "", "title": "", "type": "capture"},
  {"exe": "NieRAutomata.exe", "class": "", "title": "", "type": "capture"},
  {"exe": "PlanetCoaster.exe", "class": "", "title": "", "type": "capture"},
  {"exe": "insurgency_x64.exe", "class": "", "title": "", "type": "capture"},
  {"exe": "Worms W.M.D.exe", "class": "", "title": "", "type": "capture"},
  {"exe": "PlanetZoo.exe", "class": "", "title": "", "type": "capture"},
  {"exe": "Monopoly.exe", "class": "", "title": "", "type": "capture"},
  {"exe": "TransportFever2.exe", "class": "", "title": "", "type": "capture"},
  {"exe": "Pogostuck.exe", "class": "", "title": "", "type": "capture"},
  {"exe": "Fallout3.exe", "class": "", "title": "", "type": "capture"},
  {"exe": "RailWorks.exe", "class": "", "title": "", "type": "capture"},
  {"exe": "RRRE64.exe", "class": "", "title": "", "type": "capture"},
  {"exe": "Youngblood_x64vk.exe", "class": "", "title": "", "type": "capture"},
  {"exe": "BlackOps4.exe", "class": "", "title": "", "type": "capture"},
  {"exe": "Anthem.exe", "class": "", "title": "", "type": "capture"},
  {"exe": "Spelunky.exe", "class": "", "title": "", "type": "capture"},
  {"exe": "limbo.exe", "class": "", "title": "", "type": "capture"},
  {"exe": "Unity.exe", "class": "", "title": "", "type": "capture"},
  {"exe": "SSFIV.exe", "class": "", "title": "", "type": "capture"},
  {"exe": "mgsi.exe", "class": "", "title": "", "type": "capture"},
  {"exe": "stellaris.exe", "class": "", "title": "", "type": "capture"},
  {"exe": "FIFA19.exe", "class": "", "title": "", "type": "capture"},
  {"exe": "Rocksmith2014.exe", "class": "", "title": "", "type": "capture"},
  {"exe": "Wow-64.exe", "class": "", "title": "", "type": "capture"},
  {"exe": "DevilMayCry5.exe", "class": "", "title": "", "type": "capture"},
  {"exe": "TheDivision.exe", "class": "", "title": "", "type": "capture"},
  {"exe": "F1_2019_dx12.exe", "class": "", "title": "", "type": "capture"},
  {"exe": "nmrih.exe", "class": "", "title": "", "type": "capture"},
  {"exe": "witcher2.exe", "class": "", "title": "", "type": "capture"},
  {"exe": "starter.exe", "class": "", "title": "", "type": "capture"},
  {"exe": "dirt3_game.exe", "class": "", "title": "", "type": "capture"},
  {"exe": "underlords.exe", "class": "", "title": "", "type": "capture"},
  {"exe": "Darkest.exe", "class": "", "title": "", "type": "capture"},
  {"exe": "StateOfDecay2-UWP64-Shipping.exe", "class": "", "title": "", "type": "capture"},
  {"exe": "Vainglory.exe", "class": "", "title": "", "type": "capture"},
  {"exe": "HeroesAndGeneralsDesktop.exe", "class": "", "title": "", "type": "capture"},
  {"exe": "MarsEpic.exe", "class": "", "title": "", "type": "capture"},
  {"exe": "FortniteClient-Win64-Shipping_EAC.exe", "class": "", "title": "", "type": "capture"},
  {"exe": "AoK HD.exe", "class": "", "title": "", "type": "capture"},
  {"exe": "Oblivion.exe", "class": "", "title": "", "type": "capture"},
  {"exe": "Badlion Client.exe", "class": "", "title": "", "type": "capture"},
  {"exe": "ForzaHorizon4.exe", "class": "", "title": "", "type": "capture"},
  {"exe": "halo.exe", "class": "", "title": "", "type": "capture"},
  {"exe": "iw4mp.exe", "class": "", "title": "", "type": "capture"},
  {"exe": "darksiders1.exe", "class": "", "title": "", "type": "capture"},
  {"exe": "BloodBowl2_DX_32.exe", "class": "", "title": "", "type": "capture"},
  {"exe": "Application-steam-x64.exe", "class": "", "title": "", "type": "capture"},
  {"exe": "AC4BFSP.exe", "class": "", "title": "", "type": "capture"},
  {"exe": "METAL GEAR RISING REVENGEANCE.exe", "class": "", "title": "", "type": "capture"},
  {"exe": "FFXII_TZA.exe", "class": "", "title": "", "type": "capture"},
  {"exe": "FarmingSimulator2017Game.exe", "class": "", "title": "", "type": "capture"},
  {"exe": "RF_Online.bin", "class": "", "title": "", "type": "capture"},
  {"exe": "LEGOStarWarsSaga.exe", "class": "", "title": "", "type": "capture"},
  {"exe": "Rome2.exe", "class": "", "title": "", "type": "capture"},
  {"exe": "WatchDogs2.exe", "class": "", "title": "", "type": "capture"},
  {"exe": "FarCryNewDawn.exe", "class": "", "title": "", "type": "capture"},
  {"exe": "Hades.exe", "class": "", "title": "", "type": "capture"},
  {"exe": "NBA2K20.exe", "class": "", "title": "", "type": "capture"},
  {"exe": "RelicCoH2.exe", "class": "", "title": "", "type": "capture"},
  {"exe": "Baba Is You.exe", "class": "", "title": "", "type": "capture"},
  {"exe": "RailwayEmpire.exe", "class": "", "title": "", "type": "capture"},
  {"exe": "HITMAN2.exe", "class": "", "title": "", "type": "capture"},
  {"exe": "RAGE2.exe", "class": "", "title": "", "type": "capture"},
  {"exe": "Titanfall2.exe", "class": "", "title": "", "type": "capture"},
  {"exe": "TITAN.exe", "class": "", "title": "", "type": "capture"},
  {"exe": "SonicMania.exe", "class": "", "title": "", "type": "capture"},
  {"exe": "CoD2SP_s.exe", "class": "", "title": "", "type": "capture"},
  {"exe": "farcry3_d3d11.exe", "class": "", "title": "", "type": "capture"},
  {"exe": "bm2dx.exe", "class": "", "title": "", "type": "capture"},
  {"exe": "EvilWithin.exe", "class": "", "title": "", "type": "capture"},
  {"exe": "GreedFall.exe", "class": "", "title": "", "type": "capture"},
  {"exe": "NewColossus_x64vk.exe", "class": "", "title": "", "type": "capture"},
  {"exe": "The Jackbox Party Pack 5.exe", "class": "", "title": "", "type": "capture"},
  {"exe": "gujianol.exe", "class": "", "title": "", "type": "capture"},
  {"exe": "FarmingSimulator2015Game.exe", "class": "", "title": "", "type": "capture"},
  {"exe": "PES2017.exe", "class": "", "title": "", "type": "capture"},
  {"exe": "sogame.exe", "class": "", "title": "", "type": "capture"},
  {"exe": "The Jackbox Party Pack 6.exe", "class": "", "title": "", "type": "capture"},
  {"exe": "CabalMain.exe", "class": "", "title": "", "type": "capture"},
  {"exe": "deadspace3.exe", "class": "", "title": "", "type": "capture"},
  {"exe": "Growtopia.exe", "class": "", "title": "", "type": "capture"},
  {"exe": "ff7_en.exe", "class": "", "title": "", "type": "capture"},
  {"exe": "Curse of the Dead Gods.exe", "class": "", "title": "", "type": "capture"},
  {"exe": "left4dead.exe", "class": "", "title": "", "type": "capture"},
  {"exe": "Asphalt8.exe", "class": "", "title": "", "type": "capture"},
  {"exe": "ShadowWarrior2.exe", "class": "", "title": "", "type": "capture"},
  {"exe": "mgsvtpp.exe", "class": "", "title": "", "type": "capture"},
  {"exe": "OPPW4.exe", "class": "", "title": "", "type": "capture"},
  {"exe": "Dangan3Win.exe", "class": "", "title": "", "type": "capture"},
  {"exe": "Rayman Legends.exe", "class": "", "title": "", "type": "capture"},
  {"exe": "RailWorks64.exe", "class": "", "title": "", "type": "capture"},
  {"exe": "Simpsons.exe", "class": "", "title": "", "type": "capture"},
  {"exe": "Quaver.exe", "class": "", "title": "", "type": "capture"},
  {"exe": "CivilizationV.exe", "class": "", "title": "", "type": "capture"},
  {"exe": "xenia.exe", "class": "", "title": "", "type": "capture"},
  {"exe": "Watch_Dogs.exe", "class": "", "title": "", "type": "capture"},
  {"exe": "Exanima.exe", "class": "", "title": "", "type": "capture"},
  {"exe": "KillerInstinct_UWPx64_r.exe", "class": "", "title": "", "type": "capture"},
  {"exe": "StarCraft.exe", "class": "", "title": "", "type": "capture"},
  {"exe": "dirtrally2.exe", "class": "", "title": "", "type": "capture"},
  {"exe": "DR1_us.exe", "class": "", "title": "", "type": "capture"},
  {"exe": "Battles-Win.exe", "class": "", "title": "", "type": "capture"},
  {"exe": "MetroExodus.exe", "class": "", "title": "", "type": "capture"},
  {"exe": "NSUNS4.exe", "class": "", "title": "", "type": "capture"},
  {"exe": "OculusMirror.exe", "class": "", "title": "", "type": "capture"},
  {"exe": "oneshot.exe", "class": "", "title": "", "type": "capture"},
  {"exe": "farcry3.exe", "class": "", "title": "", "type": "capture"},
  {"exe": "CoDWaW.exe", "class": "", "title": "", "type": "capture"},
  {"exe": "LANoire.exe", "class": "", "title": "", "type": "capture"},
  {"exe": "FFVIII.exe", "class": "", "title": "", "type": "capture"},
  {"exe": "s2_mp64_ship.exe", "class": "", "title": "", "type": "capture"},
  {"exe": "starbound.exe", "class": "", "title": "", "type": "capture"},
  {"exe": "iw4sp.exe", "class": "", "title": "", "type": "capture"},
  {"exe": "Wolfteam.bin", "class": "", "title": "", "type": "capture"},
  {"exe": "start pengu.exe", "class": "", "title": "", "type": "capture"},
  {"exe": "Prison Architect64.exe", "class": "", "title": "", "type": "capture"},
  {"exe": "MirrorsEdgeCatalyst.exe", "class": "", "title": "", "type": "capture"},
  {"exe": "Magicka.exe", "class": "", "title": "", "type": "capture"},
  {"exe": "fifa4zf.exe", "class": "", "title": "", "type": "capture"},
  {"exe": "This War of Mine.exe", "class": "", "title": "", "type": "capture"},
  {"exe": "Asphalt9_w10_x86_rtl.exe", "class": "", "title": "", "type": "capture"},
  {"exe": "AssettoCorsa.exe", "class": "", "title": "", "type": "capture"},
  {"exe": "CivilizationVI_DX12.exe", "class": "", "title": "", "type": "capture"},
  {"exe": "bongo.exe", "class": "", "title": "", "type": "capture"},
  {"exe": "NFS16.exe", "class": "", "title": "", "type": "capture"},
  {"exe": "deadrising3.exe", "class": "", "title": "", "type": "capture"},
  {"exe": "csgo.exe", "class": "", "title": "", "type": "capture"},
  {"exe": "Uranium.exe", "class": "", "title": "", "type": "capture"},
  {"exe": "GW2.Main_Win64_Retail.exe", "class": "", "title": "", "type": "capture"},
  {"exe": "HotlineGL.exe", "class": "", "title": "", "type": "capture"},
  {"exe": "minia.exe", "class": "", "title": "", "type": "capture"},
  {"exe": "gta3.exe", "class": "", "title": "", "type": "capture"},
  {"exe": "AoE2DE.exe", "class": "", "title": "", "type": "capture"},
  {"exe": "NeedForSpeedPayback.exe", "class": "", "title": "", "type": "capture"},
  {"exe": "svencoop.exe", "class": "", "title": "", "type": "capture"},
  {"exe": "TheEscapists_eur.exe", "class": "", "title": "", "type": "capture"},
  {"exe": "WWE2K20_x64.exe", "class": "", "title": "", "type": "capture"},
  {"exe": "GenerationZero_F.exe", "class": "", "title": "", "type": "capture"},
  {"exe": "GRB_vulkan.exe", "class": "", "title": "", "type": "capture"},
  {"exe": "SCP - Containment Breach.exe", "class": "", "title": "", "type": "capture"},
  {"exe": "CivilizationVI.exe", "class": "", "title": "", "type": "capture"},
  {"exe": "LachhhTools.exe", "class": "", "title": "", "type": "capture"},
  {"exe": "HITMAN.exe", "class": "", "title": "", "type": "capture"},
  {"exe": "HotlineMiami2.exe", "class": "", "title": "", "type": "capture"},
  {"exe": "HaloWars2_WinAppDX12Final.exe", "class": "", "title": "", "type": "capture"},
  {"exe": "FCPrimal.exe", "class": "", "title": "", "type": "capture"},
  {"exe": "iw5sp.exe", "class": "", "title": "", "type": "capture"},
  {"exe": "IMVUClient.exe", "class": "", "title": "", "type": "capture"},
  {"exe": "BattleBlockTheater.exe", "class": "", "title": "", "type": "capture"},
  {"exe": "gta-vc.exe", "class": "", "title": "", "type": "capture"},
  {"exe": "MBAA.exe", "class": "", "title": "", "type": "capture"},
  {"exe": "FiveNightsatFreddys4.exe", "class": "", "title": "", "type": "capture"},
  {"exe": "SKEstivalVersus.exe", "class": "", "title": "", "type": "capture"},
  {"exe": "Journey.exe", "class": "", "title": "", "type": "capture"},
  {"exe": "AC3SP.exe", "class": "", "title": "", "type": "capture"},
  {"exe": "ffxiiiimg.exe", "class": "", "title": "", "type": "capture"},
  {"exe": "castle.exe", "class": "", "title": "", "type": "capture"},
  {"exe": "psnowlauncher.exe", "class": "", "title": "", "type": "capture"},
  {"exe": "Tales of Berseria.exe", "class": "", "title": "", "type": "capture"},
  {"exe": "PVZBattleforNeighborville.exe", "class": "", "title": "", "type": "capture"},
  {"exe": "FarCry4.exe", "class": "", "title": "", "type": "capture"},
  {"exe": "DBXV2.exe", "class": "", "title": "", "type": "capture"},
  {"exe": "AssassinsCreedIIGame.exe", "class": "", "title": "", "type": "capture"},
  {"exe": "Chrono Trigger.exe", "class": "", "title": "", "type": "capture"},
  {"exe": "Bayonetta.exe", "class": "", "title": "", "type": "capture"},
  {"exe": "BattlefrontII.exe", "class": "", "title": "", "type": "capture"},
  {"exe": "portal_knights_x64.exe", "class": "", "title": "", "type": "capture"},
  {"exe": "vermintide2_dx12.exe", "class": "", "title": "", "type": "capture"},
  {"exe": "bfvob.exe", "class": "", "title": "", "type": "capture"},
  {"exe": "metro2033.exe", "class": "", "title": "", "type": "capture"},
  {"exe": "Sonic Forces.exe", "class": "", "title": "", "type": "capture"},
  {"exe": "CorporateClash.exe", "class": "", "title": "", "type": "capture"},
  {"exe": "deadspace2.exe", "class": "", "title": "", "type": "capture"},
  {"exe": "SoulWorker.exe", "class": "", "title": "", "type": "capture"},
  {"exe": "kofxiv.exe", "class": "", "title": "", "type": "capture"},
  {"exe": "iRacingUI.exe", "class": "", "title": "", "type": "capture"},
  {"exe": "metro.exe", "class": "", "title": "", "type": "capture"},
  {"exe": "mbamtray.exe", "class": "", "title": "", "type": "capture"},
  {"exe": "choicechamber.exe", "class": "", "title": "", "type": "capture"},
  {"exe": "SPOOKY.exe", "class": "", "title": "", "type": "capture"},
  {"exe": "AssassinsCreed_Dx10.exe", "class": "", "title": "", "type": "capture"},
  {"exe": "Morrowind.exe", "class": "", "title": "", "type": "capture"},
  {"exe": "echovr.exe", "class": "", "title": "", "type": "capture"},
  {"exe": "vrcompositor.exe", "class": "", "title": "", "type": "capture"},
  {"exe": "sdhdship.exe", "class": "", "title": "", "type": "capture"},
  {"exe": "sh2pc.exe", "class": "", "title": "", "type": "capture"},
  {"exe": "ACBSP.exe", "class": "", "title": "", "type": "capture"},
  {"exe": "Restream Chat.exe", "class": "", "title": "", "type": "capture"},
  {"exe": "gauntlet.exe", "class": "", "title": "", "type": "capture"},
  {"exe": "WormsRevolution.exe", "class": "", "title": "", "type": "capture"},
  {"exe": "Ori And The Blind Forest Definitive Edition.exe", "class": "", "title": "", "type": "capture"},
  {"exe": "BFBC2Game.exe", "class": "", "title": "", "type": "capture"},
  {"exe": "1964.exe", "class": "", "title": "", "type": "capture"},
  {"exe": "prototypef.exe", "class": "", "title": "", "type": "capture"},
  {"exe": "diceydungeons.exe", "class": "", "title": "", "type": "capture"},
  {"exe": "AnomalyDX11AVX.exe", "class": "", "title": "", "type": "capture"},
  {"exe": "Psychonauts.exe", "class": "", "title": "", "type": "capture"},
  {"exe": "AOT2_EU.exe", "class": "", "title": "", "type": "capture"},
  {"exe": "t6sp.exe", "class": "", "title": "", "type": "capture"},
  {"exe": "JustCause4.exe", "class": "", "title": "", "type": "capture"},
  {"exe": "SaintsRowIV.exe", "class": "", "title": "", "type": "capture"},
  {"exe": "Talos.exe", "class": "", "title": "", "type": "capture"},
  {"exe": "AoT.exe", "class": "", "title": "", "type": "capture"},
  {"exe": "MZZXLC.exe", "class": "", "title": "", "type": "capture"},
  {"exe": "HellbladeGame-UWP64-Shipping.exe", "class": "", "title": "", "type": "capture"},
  {"exe": "HeavyRain.exe", "class": "", "title": "", "type": "capture"},
  {"exe": "SR2_pc.exe", "class": "", "title": "", "type": "capture"},
  {"exe": "SpecialForce.exe", "class": "", "title": "", "type": "capture"},
  {"exe": "WolfNewOrder_x64.exe", "class": "", "title": "", "type": "capture"},
  {"exe": "YakuzaKiwami.exe", "class": "", "title": "", "type": "capture"},
  {"exe": "FiveNightsatFreddys3.exe", "class": "", "title": "", "type": "capture"},
  {"exe": "stdrt.exe", "class": "", "title": "", "type": "capture"},
  {"exe": "nba2k14.exe", "class": "", "title": "", "type": "capture"},
  {"exe": "h3hota HD.exe", "class": "", "title": "", "type": "capture"},
  {"exe": "watch_dogs.exe", "class": "", "title": "", "type": "capture"},
  {"exe": "MgsGroundZeroes.exe", "class": "", "title": "", "type": "capture"},
  {"exe": "h1_sp64_ship.exe", "class": "", "title": "", "type": "capture"},
  {"exe": "Indivisible.exe", "class": "", "title": "", "type": "capture"},
  {"exe": "SonicGenerations.exe", "class": "", "title": "", "type": "capture"},
  {"exe": "AMS2AVX.exe", "class": "", "title": "", "type": "capture"},
  {"exe": "Shogun2.exe", "class": "", "title": "", "type": "capture"},
  {"exe": "Sonic3AIR.exe", "class": "", "title": "", "type": "capture"},
  {"exe": "Paradox Launcher.exe", "class": "", "title": "", "type": "capture"},
  {"exe": "WarGame3.exe", "class": "", "title": "", "type": "capture"},
  {"exe": "ZwiftApp.exe", "class": "", "title": "", "type": "capture"},
  {"exe": "aamfp.exe", "class": "", "title": "", "type": "capture"},
  {"exe": "gh3.exe", "class": "", "title": "", "type": "capture"},
  {"exe": "ghost.exe", "class": "", "title": "", "type": "capture"},
  {"exe": "mednafen.exe", "class": "", "title": "", "type": "capture"},
  {"exe": "Stronghold Crusader.exe", "class": "", "title": "", "type": "capture"},
  {"exe": "Torchlight2.exe", "class": "", "title": "", "type": "capture"},
  {"exe": "OctodadDadliestCatch.exe", "class": "", "title": "", "type": "capture"},
  {"exe": "fifaconfig.exe", "class": "", "title": "", "type": "capture"},
  {"exe": "samp.exe", "class": "", "title": "", "type": "capture"},
  {"exe": "Pizzeria Simulator.exe", "class": "", "title": "", "type": "capture"},
  {"exe": "Overwolf.exe", "class": "", "title": "", "type": "capture"},
  {"exe": "Warframe.x64.exe", "class": "", "title": "", "type": "capture"},
  {"exe": "DQB2_EU.exe", "class": "", "title": "", "type": "capture"},
  {"exe": "BurnoutPR.exe", "class": "", "title": "", "type": "capture"},
  {"exe": "mxbikes.exe", "class": "", "title": "", "type": "capture"},
  {"exe": "Diablo.exe", "class": "", "title": "", "type": "capture"},
  {"exe": "yuzu.exe", "class": "", "title": "", "type": "capture"},
  {"exe": "Ascension.exe", "class": "", "title": "", "type": "capture"},
  {"exe": "ASN_App_PcDx9_Final.exe", "class": "", "title": "", "type": "capture"},
  {"exe": "DATA.exe", "class": "", "title": "", "type": "capture"},
  {"exe": "pcsxr-pgxp.exe", "class": "", "title": "", "type": "capture"},
  {"exe": "dndclient.exe", "class": "", "title": "", "type": "capture"},
  {"exe": "MOHW.exe", "class": "", "title": "", "type": "capture"},
  {"exe": "MiniA.exe", "class": "", "title": "", "type": "capture"},
  {"exe": "Winamax Poker.exe", "class": "", "title": "", "type": "capture"},
  {"exe": "GGXXACPR_Win.exe", "class": "", "title": "", "type": "capture"},
  {"exe": "TLS.exe", "class": "", "title": "", "type": "capture"},
  {"exe": "bg3.exe", "class": "", "title": "", "type": "capture"},
  {"exe": "RobloxPlayerLauncher.exe", "class": "", "title": "", "type": "capture"},
  {"exe": "Carrion.exe", "class": "", "title": "", "type": "capture"},
  {"exe": "NSUNSR.exe", "class": "", "title": "", "type": "capture"},
  {"exe": "ModernCombatVersus.exe", "class": "", "title": "", "type": "capture"},
  {"exe": "VMagicMirrorConfig.exe", "class": "", "title": "", "type": "capture"},
  {"exe": "AWCC.exe", "class": "", "title": "", "type": "capture"},
  {"exe": "Earth.exe", "class": "", "title": "", "type": "capture"},
  {"exe": "glaclient.exe", "class": "", "title": "", "type": "capture"},
  {"exe": "rf_online.bin", "class": "", "title": "", "type": "capture"},
  {"exe": "SOR4.exe", "class": "", "title": "", "type": "capture"},
  {"exe": "MW2CR.exe", "class": "", "title": "", "type": "capture"},
  {"exe": "TC Games.exe", "class": "", "title": "", "type": "capture"},
  {"exe": "plutonium-bootstrapper-win32.exe", "class": "", "title": "", "type": "capture"},
  {"exe": "mstsc.exe", "class": "", "title": "", "type": "capture"},
  {"exe": "WarRock.exe", "class": "", "title": "", "type": "capture"},
  {"exe": "Mafia3DefinitiveEdition.exe", "class": "", "title": "", "type": "capture"},
  {"exe": "FNAF4.exe", "class": "", "title": "", "type": "capture"},
  {"exe": "game_me.exe", "class": "", "title": "", "type": "capture"},
  {"exe": "TETR.IO.exe", "class": "", "title": "", "type": "capture"},
  {"exe": "ROClientGame.exe", "class": "", "title": "", "type": "capture"},
  {"exe": "DQXGame.exe", "class": "", "title": "", "type": "capture"},
  {"exe": "Lunar Client.exe", "class": "", "title": "", "type": "capture"},
  {"exe": "AmaRecTV.exe", "class": "", "title": "", "type": "capture"},
  {"exe": "F1_2020_dx12.exe", "class": "", "title": "", "type": "capture"},
  {"exe": "mafiadefinitiveedition.exe", "class": "", "title": "", "type": "capture"},
  {"exe": "ACValhalla.exe", "class": "", "title": "", "type": "capture"},
  {"exe": "HorizonZeroDawn.exe", "class": "", "title": "", "type": "capture"},
  {"exe": "RedM_b1355_GTAProcess.exe", "class": "", "title": "", "type": "capture"},
  {"exe": "FIFA21.exe", "class": "", "title": "", "type": "capture"},
  {"exe": "ck3.exe", "class": "", "title": "", "type": "capture"},
  {"exe": "re8demo.exe", "class": "", "title": "", "type": "capture"},
  {"exe": "WatchDogsLegion.exe", "class": "", "title": "", "type": "capture"},
  {"exe": "Slippi Dolphin.exe", "class": "", "title": "", "type": "capture"},
  {"exe": "NBA2K21.exe", "class": "", "title": "", "type": "capture"},
  {"exe": "PES2021.exe", "class": "", "title": "", "type": "capture"},
  {"exe": "AoE3DE_s.exe", "class": "", "title": "", "type": "capture"},
  {"exe": "KnockoutCity.exe", "class": "", "title": "", "type": "capture"},
  {"exe": "teardown.exe", "class": "", "title": "", "type": "capture"},
  {"exe": "Funkin.exe", "class": "", "title": "", "type": "capture"},
  {"exe": "SarventeMod.exe", "class": "", "title": "", "type": "capture"},
  {"exe": "re8.exe", "class": "", "title": "", "type": "capture"},
  {"exe": "P4G.exe", "class": "", "title": "", "type": "capture"},
  {"exe": "vsgarcello.exe", "class": "", "title": "", "type": "capture"},
  {"exe": "Spel2.exe", "class": "", "title": "", "type": "capture"},
  {"exe": "BlackOpsColdW", "class": "", "title": "", "type": "capture"},
  {"exe": "crossfire_x64.exe", "class": "", "title": "", "type": "capture"},
  {"exe": "pso2.exe", "class": "", "title": "", "type": "capture"},
  {"exe": "VSWhitty.exe", "class": "", "title": "", "type": "capture"},
  {"exe": "Little Nightmares II.exe", "class": "", "title": "", "type": "capture"},
  {"exe": "pes6.exe", "class": "", "title": "", "type": "capture"},
  {"exe": "Project76_GamePass.exe", "class": "", "title": "", "type": "capture"},
  {"exe": "WowClassicB.exe", "class": "", "title": "", "type": "capture"},
  {"exe": "F1_2020.exe", "class": "", "title": "", "type": "capture"},
  {"exe": "ACValhalla_Plus.exe", "class": "", "title": "", "type": "capture"},
  {"exe": "nioh2.exe", "class": "", "title": "", "type": "capture"},
  {"exe": "The Jackbox Party Pack 7.exe", "class": "", "title": "", "type": "capture"},
  {"exe": "sm64.us.f3dex2e.exe", "class": "", "title": "", "type": "capture"},
  {"exe": "Trackmania.exe", "class": "", "title": "", "type": "capture"},
  {"exe": "Tabi.exe", "class": "", "title": "", "type": "capture"},
  {"exe": "BlackOpsColdWar.", "class": "", "title": "", "type": "capture"},
  {"exe": "ros64.exe", "class": "", "title": "", "type": "capture"},
  {"exe": "LegendsOfIdleon.exe", "class": "", "title": "", "type": "capture"},
  {"exe": "Foolhardy64.exe", "class": "", "title": "", "type": "capture"},
  {"exe": "AZ-Launcher.exe", "class": "", "title": "", "type": "capture"},
  {"exe": "pxgme.exe", "class": "", "title": "", "type": "capture"},
  {"exe": "shapezio.exe", "class": "", "title": "", "type": "capture"},
  {"exe": "fcadefbneo.exe", "class": "", "title": "", "type": "capture"},
  {"exe": "AtDeadOfNight.exe", "class": "", "title": "", "type": "capture"},
  {"exe": "KINGDOM HEARTS FINAL MIX.exe", "class": "", "title": "", "type": "capture"},
  {"exe": "OMORI.exe", "class": "", "title": "", "type": "capture"},
  {"exe": "HITMAN3.exe", "class": "", "title": "", "type": "capture"},
  {"exe": "BeyondTwoSouls_Steam.exe", "class": "", "title": "", "type": "capture"},
  {"exe": "ImmortalsFenyxRising.exe", "class": "", "title": "", "type": "capture"},
  {"exe": "Infestation.exe", "class": "", "title": "", "type": "capture"},
  {"exe": "YakuzaLikeADragon.exe", "class": "", "title": "", "type": "capture"},
  {"exe": "BlackOpsColdWar.ex", "class": "", "title": "", "type": "capture"},
  {"exe": "NieR Replicant ver.1.22474487139.exe", "class": "", "title": "", "type": "capture"},
  {"exe": "starwarssquadrons.exe", "class": "", "title": "", "type": "capture"},
  {"exe": "tModLoader64bit.exe", "class": "", "title": "", "type": "capture"},
  {"exe": "SSOClient.exe", "class": "", "title": "", "type": "capture"},
  {"exe": "iworldpc3.exe", "class": "", "title": "", "type": "capture"},
  {"exe": "f1_2019_wingaming_m.exe", "class": "", "title": "", "type": "capture"},
  {"exe": "FunkinFPSPlus.exe", "class": "", "title": "", "type": "capture"},
  {"exe": "Kade Engine.exe", "class": "", "title": "", "type": "capture"},
  {"exe": "STORY OF SEASONS Friends of Mineral Town.exe", "class": "", "title": "", "type": "capture"},
  {"exe": "KINGDOM HEARTS HD 1.5+2.5 Launcher.exe", "class": "", "title": "", "type": "capture"},
  {"exe": "4k Mania Cat (Stays on top).exe", "class": "", "title": "", "type": "capture"},
  {"exe": "Selever.exe", "class": "", "title": "", "type": "capture"},
  {"exe": "SecondExtinctionGDK.exe", "class": "", "title": "", "type": "capture"},
  {"exe": "Vs. Tricky.exe", "class": "", "title": "", "type": "capture"},
  {"exe": "avengers.exe", "class": "", "title": "", "type": "capture"},
  {"exe": "VSHex.exe", "class": "", "title": "", "type": "capture"},
  {"exe": "Funkin SM.exe", "class": "", "title": "", "type": "capture"},
  {"exe": "KINGDOM HEARTS II FINAL MIX.exe", "class": "", "title": "", "type": "capture"},
  {"exe": "Luck be a Landlord.exe", "class": "", "title": "", "type": "capture"},
  {"exe": "duckstation-qt-x64-ReleaseLTCG.exe", "class": "", "title": "", "type": "capture"},
  {"exe": "Wondershare Filmora X.exe", "class": "", "title": "", "type": "capture"},
  {"exe": "NINJA GAIDEN SIGMA.exe", "class": "", "title": "", "type": "capture"},
  {"exe": "bg3_dx11.exe", "class": "", "title": "", "type": "capture"},
  {"exe": "Game_n.exe", "class": "", "title": "", "type": "capture"},
  {"exe": "PinballArcade.exe", "class": "", "title": "", "type": "capture"},
  {"exe": "Rogue Heroes.exe", "class": "", "title": "", "type": "capture"},
  {"exe": "Spud Controller v1.5.2.exe", "class": "", "title": "", "type": "capture"},
  {"exe": "Sam4.exe", "class": "", "title": "", "type": "capture"},
  {"exe": "Madden21.exe", "class": "", "title": "", "type": "capture"},
  {"exe": "KingOfFighters2002UM_x64.exe", "class": "", "title": "", "type": "capture"},
  {"exe": "BlackOpsColdWa", "class": "", "title": "", "type": "capture"},
  {"exe": "CAPTAIN TSUBASA RISE OF NEW CHAMPIONS.exe", "class": "", "title": "", "type": "capture"},
  {"exe": "VS A.G.O.T.I.exe", "class": "", "title": "", "type": "capture"},
  {"exe": "CodeVein.exe", "class": "", "title": "", "type": "capture"},
  {"exe": "Friday Night Funkin'.exe", "class": "", "title": "", "type": "capture"},
  {"exe": "AmnesiaRebirth.exe", "class": "", "title": "", "type": "capture"},
  {"exe": "KnockoutCityBeta.exe", "class": "", "title": "", "type": "capture"},
  {"exe": "FallGuys_client.exe", "class": "", "title": "", "type": "capture"},
  {"exe": "UmiByeWin.exe", "class": "", "title": "", "type": "capture"},
  {"exe": "HenryStickmin.exe", "class": "", "title": "", "type": "capture"},
  {"exe": "DarkOrbit.exe", "class": "", "title": "", "type": "capture"},
  {"exe": "wwzRetail.exe", "class": "", "title": "", "type": "capture"},
  {"exe": "Killer7Win.exe", "class": "", "title": "", "type": "capture"},
  {"exe": "za4_vulkan.exe", "class": "", "title": "", "type": "capture"}
]