{
  "schemaVersion": 3,
  "nodeType": "RootNode",
  "sources": {
    "schemaVersion": 4,
    "nodeType": "SourcesNode",
    "items": [
      {
        "hotkeys": {
          "schemaVersion": 2,
          "nodeType": "HotkeysNode",
          "items": []
        },
        "id": "wasapi_output_capture_2dcca178-af4b-4140-9bd4-0a95ff93860d",
        "name": "Desktop Audio",
        "type": "wasapi_output_capture",
        "settings": {
          "device_id": "default",
          "use_device_timing": true
        },
        "volume": 1,
        "channel": 1,
        "muted": false,
        "filters": {
          "items": []
        },
        "propertiesManager": "default",
        "propertiesManagerSettings": {
          "mediaBackup": {}
        },
        "forceMono": false,
        "syncOffset": {
          "sec": 0,
          "nsec": 0
        },
        "audioMixers": 1,
        "monitoringType": 0,
        "mixerHidden": false
      },
      {
        "hotkeys": {
          "schemaVersion": 2,
          "nodeType": "HotkeysNode",
          "items": []
        },
        "id": "wasapi_input_capture_5babba45-d091-4535-a90f-6eb3b048856d",
        "name": "Mic/Aux",
        "type": "wasapi_input_capture",
        "settings": {
          "device_id": "default",
          "use_device_timing": false
        },
        "volume": 1,
        "channel": 3,
        "muted": false,
        "filters": {
          "items": []
        },
        "propertiesManager": "default",
        "propertiesManagerSettings": {
          "mediaBackup": {}
        },
        "forceMono": false,
        "syncOffset": {
          "sec": 0,
          "nsec": 0
        },
        "audioMixers": 1,
        "monitoringType": 0,
        "mixerHidden": false
      },
      {
        "hotkeys": {
          "schemaVersion": 2,
          "nodeType": "HotkeysNode",
          "items": []
        },
        "id": "screen_capture_89abe676-e824-4973-ac67-e282b4d0637f",
        "name": "Screen Capture (Double-click to select)",
        "type": "screen_capture",
        "settings": {
          "auto_capture_rules_path": "C:\\Users\\kuhlp\\AppData\\Roaming\\slobs-client\\game_capture_list.json",
          "auto_placeholder_image": "C:\\Program Files\\Streamlabs OBS\\shared-resources\\capture-placeholder.png",
          "auto_placeholder_message": "Looking for a game to capture",
          "capture_cursor": true,
          "capture_source_list": "monitor:1",
          "capture_window_line": ""
        },
        "volume": 1,
        "muted": false,
        "filters": {
          "items": []
        },
        "propertiesManager": "default",
        "propertiesManagerSettings": {
          "mediaBackup": {}
        }
      }
    ]
  },
  "scenes": {
    "schemaVersion": 1,
    "nodeType": "ScenesNode",
    "items": [
      {
        "hotkeys": {
          "schemaVersion": 2,
          "nodeType": "HotkeysNode",
          "items": []
        },
        "filters": {
          "schemaVersion": 1,
          "nodeType": "SceneFiltersNode",
          "items": []
        },
        "sceneItems": {
          "schemaVersion": 1,
          "nodeType": "SceneItemsNode",
          "items": [
            {
              "hotkeys": {
                "schemaVersion": 2,
                "nodeType": "HotkeysNode",
                "items": []
              },
              "id": "f04dd8e5-cd92-475f-8562-74b5d5fcb925",
              "sourceId": "screen_capture_89abe676-e824-4973-ac67-e282b4d0637f",
              "x": 10.125,
              "y": 8.999999999999886,
              "scaleX": 0.9906250000000001,
              "scaleY": 0.9906250000000001,
              "visible": true,
              "crop": {
                "top": 0,
                "bottom": 0,
                "left": 0,
                "right": 0
              },
              "locked": false,
              "rotation": 0,
              "streamVisible": true,
              "recordingVisible": true,
              "sceneNodeType": "item"
            }
          ]
        },
        "id": "scene_b40690ca-2691-476c-afec-d2424880679a",
        "name": "Scene",
        "active": true
      }
    ]
  },
  "transitions": {
    "schemaVersion": 2,
    "nodeType": "TransitionsNode",
    "transitions": [
      {
        "id": "69ba3fe1-ad8e-4444-92f7-0224ffe21262",
        "name": "Global Transition",
        "type": "cut_transition",
        "duration": 300,
        "settings": {},
        "propertiesManagerSettings": {
          "mediaBackup": {}
        }
      }
    ],
    "connections": [],
    "defaultTransitionId": "69ba3fe1-ad8e-4444-92f7-0224ffe21262"
  },
  "hotkeys": {
    "schemaVersion": 2,
    "nodeType": "HotkeysNode",
    "items": []
  },
  "guestCam": {
    "schemaVersion": 1,
    "nodeType": "GuestCamNode",
    "audioSourceId": "wasapi_input_capture_5babba45-d091-4535-a90f-6eb3b048856d",
    "videoSourceId": ""
  },
  "baseResolution": {
    "width": 1080,
    "height": 1920
  },
  "selectiveRecording": false,
  "operatingSystem": "win32"
}