{
  "schemaVersion": 3,
  "nodeType": "RootNode",
  "sources": {
    "schemaVersion": 4,
    "nodeType": "SourcesNode",
    "items": [
      {
        "hotkeys": {
          "schemaVersion": 2,
          "nodeType": "HotkeysNode",
          "items": []
        },
        "id": "wasapi_output_capture_afec0804-3e36-417c-9c4b-9142bfb60dbc",
        "name": "Desktop Audio",
        "type": "wasapi_output_capture",
        "settings": {
          "device_id": "default",
          "use_device_timing": true
        },
        "volume": 1,
        "channel": 1,
        "muted": false,
        "filters": {
          "items": []
        },
        "propertiesManager": "default",
        "propertiesManagerSettings": {
          "mediaBackup": {}
        },
        "forceMono": false,
        "syncOffset": {
          "sec": 0,
          "nsec": 0
        },
        "audioMixers": 255,
        "monitoringType": 0,
        "mixerHidden": false
      },
      {
        "hotkeys": {
          "schemaVersion": 2,
          "nodeType": "HotkeysNode",
          "items": []
        },
        "id": "wasapi_input_capture_72788248-b462-4443-a7e5-fe54472b39b6",
        "name": "Mic/Aux",
        "type": "wasapi_input_capture",
        "settings": {
          "device_id": "default",
          "use_device_timing": false
        },
        "volume": 1,
        "channel": 3,
        "muted": false,
        "filters": {
          "items": []
        },
        "propertiesManager": "default",
        "propertiesManagerSettings": {
          "mediaBackup": {}
        },
        "forceMono": false,
        "syncOffset": {
          "sec": 0,
          "nsec": 0
        },
        "audioMixers": 255,
        "monitoringType": 0,
        "mixerHidden": false
      }
    ]
  },
  "scenes": {
    "schemaVersion": 1,
    "nodeType": "ScenesNode",
    "items": [
      {
        "hotkeys": {
          "schemaVersion": 2,
          "nodeType": "HotkeysNode",
          "items": []
        },
        "filters": {
          "schemaVersion": 1,
          "nodeType": "SceneFiltersNode",
          "items": []
        },
        "sceneItems": {
          "schemaVersion": 1,
          "nodeType": "SceneItemsNode",
          "items": []
        },
        "id": "scene_44a3a78e-db11-45ac-8e86-f96a404a327f",
        "name": "Scene",
        "active": true
      }
    ]
  },
  "transitions": {
    "schemaVersion": 2,
    "nodeType": "TransitionsNode",
    "transitions": [
      {
        "id": "5503bde9-56c4-4f63-beb5-ad037c8f8661",
        "name": "Global Transition",
        "type": "cut_transition",
        "duration": 300,
        "settings": {},
        "propertiesManagerSettings": {
          "mediaBackup": {}
        }
      }
    ],
    "connections": [],
    "defaultTransitionId": "5503bde9-56c4-4f63-beb5-ad037c8f8661"
  },
  "hotkeys": {
    "schemaVersion": 2,
    "nodeType": "HotkeysNode",
    "items": []
  },
  "baseResolution": {
    "width": 2560,
    "height": 1080
  },
  "selectiveRecording": false
}